stock_id:ID(Stock),name,:LABEL
601058,赛轮轮胎,Stock
600219,南山铝业,Stock
300345,华民股份,Stock
603966,法兰泰克,Stock
600649,城投控股,Stock
002287,奇正藏药,Stock
300715,凯伦股份,Stock
002268,卫士通,Stock
603989,艾华集团,Stock
300200,高盟新材,Stock
002792,通宇通讯,Stock
002638,*ST勤上,Stock
000605,渤海股份,Stock
300650,太龙照明,Stock
603823,百合花,Stock
300579,数字认证,Stock
002511,中顺洁柔,Stock
300083,创世纪,Stock
600425,青松建化,Stock
300129,泰胜风能,Stock
002141,贤丰控股,Stock
600075,新疆天业,Stock
002842,翔鹭钨业,Stock
603659,璞泰来,Stock
600976,健民集团,Stock
000890,*ST胜尔,Stock
600999,招商证券,Stock
600833,第一医药,Stock
002907,华森制药,Stock
600560,金自天正,Stock
002454,松芝股份,Stock
600130,波导股份,Stock
300596,利安隆,Stock
000039,中集集团,Stock
002004,华邦健康,Stock
000717,韶钢松山,Stock
603931,格林达,Stock
300312,邦讯技术,Stock
900933,华新B股,Stock
002680,长生退,Stock
603032,德新交运,Stock
603198,迎驾贡酒,Stock
603177,德创环保,Stock
603527,众源新材,Stock
002395,双象股份,Stock
000652,泰达股份,Stock
300607,拓斯达,Stock
300257,开山股份,Stock
601633,长城汽车,Stock
000828,东莞控股,Stock
002815,崇达技术,Stock
000982,*ST中绒,Stock
601799,星宇股份,Stock
600022,山东钢铁,Stock
300484,蓝海华腾,Stock
002116,中国海诚,Stock
600472,包头铝业,Stock
600188,兖州煤业,Stock
002546,新联电子,Stock
002053,云南能投,Stock
000594,国恒退,Stock
600167,联美控股,Stock
002403,爱仕达,Stock
300191,潜能恒信,Stock
600537,亿晶光电,Stock
600864,哈投股份,Stock
601326,秦港股份,Stock
601019,山东出版,Stock
002696,百洋股份,Stock
600258,首旅酒店,Stock
900925,机电B股,Stock
300304,云意电气,Stock
600608,ST沪科,Stock
603927,中科软,Stock
000701,厦门信达,Stock
300241,瑞丰光电,Stock
002229,鸿博股份,Stock
300611,美力科技,Stock
002679,福建金森,Stock
002383,合众思壮,Stock
603161,科华控股,Stock
002550,千红制药,Stock
300538,同益股份,Stock
002100,天康生物,Stock
300168,万达信息,Stock
300492,华图山鼎,Stock
002803,吉宏股份,Stock
603618,杭电股份,Stock
601330,绿色动力,Stock
600872,中炬高新,Stock
600521,华海药业,Stock
300187,永清环保,Stock
002415,海康威视,Stock
000428,华天酒店,Stock
600171,上海贝岭,Stock
000582,北部湾港,Stock
002045,国光电器,Stock
000078,海王生物,Stock
300703,创源股份,Stock
000756,新华制药,Stock
002291,星期六,Stock
603970,中农立华,Stock
300353,东土科技,Stock
603589,口子窖,Stock
603136,天目湖,Stock
603566,普莱柯,Stock
601808,中海油服,Stock
300646,侨源气体,Stock
000613,大东海A,Stock
300216,千山退,Stock
600960,渤海汽车,Stock
000869,张裕A,Stock
601388,怡球资源,Stock
601222,林洋能源,Stock
600063,皖维高新,Stock
002157,正邦科技,Stock
600599,*ST熊猫,Stock
600433,冠豪高新,Stock
300095,华伍股份,Stock
002507,涪陵榨菜,Stock
002012,凯恩股份,Stock
300580,贝斯特,Stock
600126,杭钢股份,Stock
002442,龙星化工,Stock
600576,祥源文化,Stock
002911,佛燃能源,Stock
600825,新华传媒,Stock
000886,海南高速,Stock
600761,安徽合力,Stock
000668,荣丰控股,Stock
002655,共达电声,Stock
600331,宏达股份,Stock
002205,国统股份,Stock
002710,慈铭体检,Stock
600624,复旦复华,Stock
300282,三盛教育,Stock
002340,格林美,Stock
900909,华谊B股,Stock
300328,宜安科技,Stock
000687,*ST华讯,Stock
603008,喜临门,Stock
603458,勘设股份,Stock
300001,特锐德,Stock
002069,獐子岛,Stock
002593,日上集团,Stock
300451,创业慧康,Stock
002439,启明星辰,Stock
000404,长虹华意,Stock
000957,中通客车,Stock
603321,梅轮电梯,Stock
601609,金田铜业,Stock
000812,陕西金叶,Stock
600018,上港集团,Stock
300144,宋城演艺,Stock
002086,*ST东洋,Stock
600448,华纺股份,Stock
300514,友讯达,Stock
000541,佛山照明,Stock
002252,上海莱士,Stock
600366,宁波韵升,Stock
000795,英洛华,Stock
002602,世纪华通,Stock
600736,苏州高新,Stock
300390,天华超净,Stock
603819,神力股份,Stock
601577,长沙银行,Stock
601127,小康股份,Stock
601598,中国外运,Stock
300685,艾德生物,Stock
600223,鲁商发展,Stock
002317,众生药业,Stock
600673,东阳光,Stock
002747,埃斯顿,Stock
600389,江山股份,Stock
002897,意华股份,Stock
600809,山西汾酒,Stock
603726,朗迪集团,Stock
000900,现代投资,Stock
002194,武汉凡谷,Stock
300406,九强生物,Stock
300056,中创环保,Stock
000003,PT金田A,Stock
300543,朗科智能,Stock
000516,国际医学,Stock
300113,顺网科技,Stock
002481,双塔食品,Stock
603233,大参林,Stock
603399,吉翔股份,Stock
002878,元隆雅图,Stock
603663,三祥新材,Stock
300386,飞天诚信,Stock
600720,祁连山,Stock
002614,奥佳华,Stock
000629,攀钢钒钛,Stock
000783,长江证券,Stock
600370,三房巷,Stock
601998,中信银行,Stock
002244,滨江集团,Stock
002751,易尚展示,Stock
600665,天地源,Stock
300369,绿盟科技,Stock
900948,伊泰B股,Stock
002301,齐心集团,Stock
600235,民丰特纸,Stock
300693,盛弘股份,Stock
000015,PT中浩A,Stock
002028,思源电气,Stock
300040,九洲集团,Stock
002478,常宝股份,Stock
300410,正业科技,Stock
002182,云海金属,Stock
000916,华北高速,Stock
603730,岱美股份,Stock
603360,百傲化学,Stock
002881,美格智能,Stock
601218,吉鑫科技,Stock
603225,新凤鸣,Stock
600059,古越龙山,Stock
002497,雅化集团,Stock
000150,宜华健康,Stock
300105,龙源技术,Stock
600409,三友化工,Stock
300555,路通视信,Stock
002213,大为股份,Stock
600327,大东方,Stock
002643,万润股份,Stock
603858,步长制药,Stock
601865,福莱特,Stock
600777,新潮能源,Stock
601166,兴业银行,Stock
000691,亚太实业,Stock
600262,北方股份,Stock
600798,宁波海运,Stock
002356,*ST赫美,Stock
300294,博雅生物,Stock
600632,华联商厦,Stock
002706,良信股份,Stock
603337,杰克股份,Stock
603767,中马传动,Stock
600848,上海临港,Stock
200725,京东方B,Stock
000412,ST五环,Stock
300447,全信股份,Stock
002585,双星新材,Stock
000042,中洲控股,Stock
300017,网宿科技,Stock
000557,西部创业,Stock
300502,新易盛,Stock
002090,金智科技,Stock
300152,科融环境,Stock
603788,宁波高发,Stock
002839,张家港行,Stock
603655,朗博科技,Stock
601668,中国建筑,Stock
601238,广汽集团,Stock
600079,人福医药,Stock
300125,聆达股份,Stock
600583,海油工程,Stock
600429,三元股份,Stock
000520,长航凤凰,Stock
300575,中旗股份,Stock
002008,大族激光,Stock
000035,中国天楹,Stock
300060,苏州恒久,Stock
002458,益生股份,Stock
600096,云天化,Stock
300430,诚益通,Stock
000936,华西股份,Stock
600995,文山电力,Stock
300719,安达维尔,Stock
002771,真视通,Stock
600645,中源协和,Stock
300349,金卡智能,Stock
002321,华英农业,Stock
600215,*ST经开,Stock
603069,海汽集团,Stock
603439,贵州三力,Stock
601111,中国国航,Stock
603086,先达股份,Stock
600700,*ST数码,Stock
000609,中迪投资,Stock
002634,棒杰股份,Stock
600350,山东高速,Stock
603985,恒润股份,Stock
002264,新华都,Stock
600184,光电股份,Stock
300522,世名科技,Stock
300172,中电环保,Stock
300488,恒锋工具,Stock
600887,伊利股份,Stock
002819,东方中科,Stock
603602,纵横通信,Stock
603317,天味食品,Stock
600868,梅雁吉祥,Stock
000961,中南建设,Stock
300467,迅游科技,Stock
000598,兴蓉环境,Stock
000062,深圳华强,Stock
300037,新宙邦,Stock
600491,龙元建设,Stock
601003,柳钢股份,Stock
600242,*ST中昌,Stock
603897,长城科技,Stock
002376,新北洋,Stock
601900,南方传媒,Stock
600612,老凤祥,Stock
002726,龙大肉食,Stock
002233,塔牌集团,Stock
600307,酒钢宏兴,Stock
002663,普邦股份,Stock
002399,海普瑞,Stock
603878,武进不锈,Stock
600757,长江传媒,Stock
000832,*ST龙涤,Stock
000998,隆平高科,Stock
601279,英利汽车,Stock
600891,退市秋林,Stock
600038,中直股份,Stock
300164,通源石油,Stock
600468,百利电气,Stock
300534,陇神戎发,Stock
600192,长城电工,Stock
000561,烽火电子,Stock
600487,亨通光电,Stock
300021,大禹节水,Stock
002049,紫光国微,Stock
300471,厚普股份,Stock
002419,天虹股份,Stock
000977,浪潮信息,Stock
603301,振德医疗,Stock
002730,电光科技,Stock
600604,市北高新,Stock
601916,浙商银行,Stock
002360,同德化工,Stock
900929,锦旅B股,Stock
603881,数据港,Stock
300308,中际旭创,Stock
603028,赛福天,Stock
601015,陕西黑猫,Stock
200986,粤华包B,Stock
601500,通用股份,Stock
600741,华域汽车,Stock
002675,东诚药业,Stock
600311,*ST荣华,Stock
002225,濮耐股份,Stock
300563,神宇股份,Stock
000536,*ST华映,Stock
300099,精准信息,Stock
600595,*ST中孚,Stock
300133,华策影视,Stock
000166,申万宏源,Stock
002858,力盛赛车,Stock
603356,华菱精工,Stock
600983,惠而浦,Stock
600829,人民同泰,Stock
603706,东方环宇,Stock
000920,南方汇通,Stock
300426,唐德影视,Stock
600080,ST金花,Stock
300076,GQY视讯,Stock
000023,深天地A,Stock
603585,苏利股份,Stock
600203,福日电子,Stock
002337,赛象科技,Stock
600653,申华控股,Stock
002767,先锋电子,Stock
002272,川润股份,Stock
603993,洛阳钼业,Stock
600346,恒力石化,Stock
002788,鹭燕医药,Stock
002622,融钰集团,Stock
600716,凤凰股份,Stock
603839,安正时尚,Stock
603090,宏盛股份,Stock
601107,四川成渝,Stock
600852,*ST中川,Stock
600501,航天晨光,Stock
000408,*ST藏格,Stock
002435,长江健康,Stock
600151,航天机电,Stock
000058,深赛格,Stock
002065,东华软件,Stock
002570,贝因美,Stock
300518,盛讯达,Stock
600444,国机通用,Stock
002120,韵达股份,Stock
300148,天舟文化,Stock
603268,松发股份,Stock
002823,凯中精密,Stock
600917,重庆燃气,Stock
603638,艾迪精密,Stock
300261,雅本化学,Stock
002209,达意隆,Stock
300631,久吾高科,Stock
600297,广汇汽车,Stock
002659,凯文教育,Stock
200553,安道麦B,Stock
603511,爱慕股份,Stock
600278,东方创业,Stock
600782,新钢股份,Stock
900905,老凤祥B,Stock
300324,旋极信息,Stock
601890,亚星锚链,Stock
600628,新世界,Stock
000721,西安饮食,Stock
002032,苏泊尔,Stock
600106,重庆路桥,Stock
002462,嘉事堂,Stock
600556,天下秀,Stock
002198,嘉应制药,Stock
600805,悦达投资,Stock
601717,郑煤机,Stock
603680,今创集团,Stock
002177,御银股份,Stock
002527,新时达,Stock
603116,红蜻蜓,Stock
603815,交建股份,Stock
601828,美凯龙,Stock
300666,江丰电子,Stock
000633,合金投资,Stock
000799,酒鬼酒,Stock
600690,海尔智家,Stock
300236,上海新阳,Stock
300723,一品红,Stock
600385,ST金泰,Stock
000776,广发证券,Stock
603950,长源东谷,Stock
900952,锦港B股,Stock
300373,扬杰科技,Stock
300689,澄天伟业,Stock
200011,深物业B,Stock
603053,成都燃气,Stock
603696,安记食品,Stock
600813,ST鞍一工,Stock
600540,新赛股份,Stock
002474,榕基软件,Stock
600110,诺德股份,Stock
002024,苏宁易购,Stock
000019,深粮控股,Stock
300559,佳发教育,Stock
002531,天顺风能,Stock
600405,动力源,Stock
300109,新开源,Stock
002161,远望谷,Stock
600055,万东医疗,Stock
603229,奥翔药业,Stock
603383,顶点软件,Stock
002862,实丰文化,Stock
603679,华体科技,Stock
600956,新天绿能,Stock
002248,华东数控,Stock
300220,金运激光,Stock
600686,金龙汽车,Stock
000625,长安汽车,Stock
002618,丹邦科技,Stock
300670,大烨智能,Stock
200512,闽灿坤B,Stock
603803,瑞斯康达,Stock
603100,川仪股份,Stock
603045,福达合金,Stock
600239,云南城投,Stock
300365,恒华科技,Stock
600669,*ST鞍成,Stock
000760,*ST斯太,Stock
600393,粤泰股份,Stock
300735,光弘科技,Stock
002073,软控股份,Stock
002589,瑞康医药,Stock
002423,中粮资本,Stock
600517,国网英大,Stock
600844,丹化科技,Stock
600901,江苏租赁,Stock
002835,同为股份,Stock
600002,齐鲁石化,Stock
002136,安纳达,Stock
600452,涪陵电力,Stock
002566,益盛药业,Stock
603157,*ST拉夏,Stock
603507,振江股份,Stock
601869,长飞光纤,Stock
000672,上峰水泥,Stock
600281,太化股份,Stock
300627,华测导航,Stock
300277,海联讯,Stock
000737,南风化工,Stock
300298,三诺生物,Stock
300332,天壕环境,Stock
601886,江河集团,Stock
600794,保税科技,Stock
900913,国新B股,Stock
603012,创力集团,Stock
603156,养元饮品,Stock
603506,南都物业,Stock
603855,华荣股份,Stock
600280,*ST中商,Stock
300626,华瑞股份,Stock
000673,*ST当代,Stock
300276,三丰智能,Stock
000736,中交地产,Stock
300299,富春股份,Stock
300333,兆日科技,Stock
900912,外高B股,Stock
600795,国电电力,Stock
603013,亚普股份,Stock
002072,*ST凯瑞,Stock
600146,*ST环球,Stock
002588,史丹利,Stock
002422,科伦药业,Stock
600516,方大炭素,Stock
603290,斯达半导,Stock
600845,宝信软件,Stock
600900,长江电力,Stock
000809,铁岭新城,Stock
600003,ST东北高,Stock
002137,实益达,Stock
002567,唐人神,Stock
601995,中金公司,Stock
300221,银禧科技,Stock
600687,退市刚泰,Stock
002249,大洋电机,Stock
300671,富满电子,Stock
002619,艾格拉斯,Stock
200513,丽珠B,Stock
603551,奥普家居,Stock
603101,汇嘉时代,Stock
600238,海南椰岛,Stock
300364,中文在线,Stock
900945,*ST海航B,Stock
600668,尖峰集团,Stock
600392,盛和资源,Stock
000761,本钢板材,Stock
603697,有友食品,Stock
601700,风范股份,Stock
600812,华北制药,Stock
002475,立讯精密,Stock
600111,北方稀土,Stock
000018,神城A退,Stock
002025,航天电器,Stock
002530,金财互联,Stock
300558,贝达药业,Stock
002160,常铝股份,Stock
300108,吉药控股,Stock
600054,黄山旅游,Stock
603228,景旺电子,Stock
002863,今飞凯达,Stock
603678,火炬电子,Stock
603117,万林物流,Stock
200505,京粮B,Stock
000632,三木集团,Stock
300667,必创科技,Stock
000798,中水渔业,Stock
600691,阳煤化工,Stock
300237,美晨生态,Stock
000777,中核科技,Stock
300722,新余国科,Stock
900953,凯马B,Stock
300372,欣泰退,Stock
300688,创业黑马,Stock
601595,上海电影,Stock
002033,丽江股份,Stock
600107,美尔雅,Stock
002463,沪电股份,Stock
002199,东晶电子,Stock
600557,康缘药业,Stock
600804,鹏博士,Stock
603681,永冠新材,Stock
002875,安奈儿,Stock
000848,承德露露,Stock
002176,江特电机,Stock
002526,山东矿机,Stock
002208,合肥城建,Stock
300260,新莱应材,Stock
000665,湖北广电,Stock
002658,雪迪龙,Stock
300630,普利制药,Stock
600296,S兰铝,Stock
603843,正平股份,Stock
601038,一拖股份,Stock
603005,晶方科技,Stock
600279,重庆港九,Stock
900904,神奇B股,Stock
600783,鲁信创投,Stock
300325,ST德威,Stock
600629,华建集团,Stock
603906,龙蟠科技,Stock
000720,新能泰山,Stock
601311,骆驼股份,Stock
600853,龙建股份,Stock
603286,日盈电子,Stock
600500,中化国际,Stock
002434,万里扬,Stock
000409,山东地矿,Stock
600150,中国船舶,Stock
002064,华峰化学,Stock
000059,华锦股份,Stock
300519,新光药业,Stock
002571,德力股份,Stock
300149,睿智医药,Stock
002121,*ST科陆,Stock
600015,华夏银行,Stock
603269,海鸥股份,Stock
002822,中装建设,Stock
600916,中国黄金,Stock
603639,海利尔,Stock
600202,哈空调,Stock
002336,ST人乐,Stock
600652,ST游久,Stock
002766,*ST索菱,Stock
603992,松霖科技,Stock
002273,水晶光电,Stock
002789,建艺集团,Stock
002623,亚玛顿,Stock
600717,天津港,Stock
603838,四通股份,Stock
601106,中国一重,Stock
000537,广宇发展,Stock
300562,乐心医疗,Stock
300098,高新兴,Stock
600594,益佰制药,Stock
300132,青松股份,Stock
603212,赛伍技术,Stock
002859,洁美科技,Stock
603357,设计总院,Stock
600982,宁波能源,Stock
600828,茂业商业,Stock
603707,健友股份,Stock
000921,海信家电,Stock
300427,红相股份,Stock
600081,东风科技,Stock
000022,深赤湾A,Stock
300077,国民技术,Stock
002731,萃华珠宝,Stock
600605,汇通能源,Stock
900928,临港B股,Stock
603880,南卫股份,Stock
300309,吉艾科技,Stock
002361,神剑股份,Stock
600255,鑫科材料,Stock
603029,天鹅股份,Stock
603183,建研院,Stock
603496,恒为科技,Stock
600740,山西焦化,Stock
002674,兴业科技,Stock
600310,桂东电力,Stock
002224,三力士,Stock
603615,茶花股份,Stock
601628,中国人寿,Stock
000833,粤桂股份,Stock
000999,华润三九,Stock
600890,*ST中房,Stock
600039,四川路桥,Stock
300165,天瑞仪器,Stock
600469,风神股份,Stock
000560,我爱我家,Stock
300535,达威股份,Stock
600193,ST创兴,Stock
002048,宁波华翔,Stock
600486,扬农化工,Stock
300020,银江股份,Stock
002418,*ST康盛,Stock
000425,徐工机械,Stock
300470,中密控股,Stock
000976,华铁股份,Stock
603300,华铁应急,Stock
603195,公牛集团,Stock
601002,晋亿实业,Stock
600243,*ST海华,Stock
002377,国创高新,Stock
603896,寿仙谷,Stock
601901,方正证券,Stock
600613,神奇制药,Stock
002727,一心堂,Stock
002232,启明信息,Stock
600306,*ST商城,Stock
002662,京威股份,Stock
603879,永悦科技,Stock
600756,浪潮软件,Stock
002398,垒知集团,Stock
600185,格力地产,Stock
300523,辰安科技,Stock
000576,甘化科工,Stock
300173,福能东方,Stock
300489,中飞股份,Stock
600886,国投电力,Stock
000825,太钢不锈,Stock
002818,富森美,Stock
603603,博天环境,Stock
603316,诚邦股份,Stock
600869,远东股份,Stock
000960,锡业股份,Stock
300466,赛摩智能,Stock
000599,青岛双星,Stock
300036,超图软件,Stock
600490,鹏欣资源,Stock
000063,中兴通讯,Stock
002770,ST科迪,Stock
300718,长盛轴承,Stock
601956,东贝集团,Stock
600644,乐山电力,Stock
002320,海峡股份,Stock
300348,长亮科技,Stock
603068,博通集成,Stock
603087,甘李药业,Stock
600701,退市工新,Stock
002635,安洁科技,Stock
000608,阳光股份,Stock
600351,亚宝药业,Stock
002265,西仪股份,Stock
601669,中国电建,Stock
600078,澄星股份,Stock
300124,汇川技术,Stock
600582,天地科技,Stock
600428,中远海特,Stock
000521,长虹美菱,Stock
300061,旗天科技,Stock
000034,神州数码,Stock
002009,天奇股份,Stock
600097,开创国际,Stock
300431,暴风退,Stock
002459,晶澳科技,Stock
000937,冀中能源,Stock
603711,香飘飘,Stock
601686,友发集团,Stock
603336,宏辉果蔬,Stock
603766,隆鑫通用,Stock
300446,ST乐凯,Stock
000413,东旭光电,Stock
002584,西陇科学,Stock
300016,北陆药业,Stock
000043,中航善达,Stock
300503,昊志机电,Stock
000556,PT南洋,Stock
002091,江苏国泰,Stock
300153,科泰电源,Stock
603789,星光农机,Stock
002838,道恩股份,Stock
000805,*ST炎黄,Stock
002212,天融信,Stock
600326,西藏天路,Stock
002642,荣联科技,Stock
603859,能科股份,Stock
600776,东方通信,Stock
601188,龙江交通,Stock
600263,路桥建设,Stock
000690,宝新能源,Stock
002357,富临运业,Stock
600799,*ST龙科,Stock
300295,三六五网,Stock
600633,浙数文化,Stock
002707,众信旅游,Stock
300041,回天新材,Stock
002029,七匹狼,Stock
000014,沙河股份,Stock
300411,金盾股份,Stock
002479,富春环保,Stock
002183,怡亚通,Stock
000917,电广传媒,Stock
002880,卫光生物,Stock
000852,石化机械,Stock
002496,*ST辉丰,Stock
600058,五矿发展,Stock
300104,乐视退,Stock
000151,中成股份,Stock
600408,ST安泰,Stock
300554,三超新材,Stock
000501,鄂武商A,Stock
300387,富邦股份,Stock
600721,*ST百花,Stock
000628,高新发展,Stock
002615,哈尔斯,Stock
600371,万向德农,Stock
000782,美达股份,Stock
002245,蔚蓝锂芯,Stock
601999,出版传媒,Stock
002750,龙津药业,Stock
600664,哈药股份,Stock
002300,太阳电缆,Stock
300368,汇金股份,Stock
900949,东电B股,Stock
600234,ST山水,Stock
300692,中环环保,Stock
603377,东方时尚,Stock
002896,中大力德,Stock
600808,马钢股份,Stock
603727,博迈科,Stock
000901,航天科技,Stock
002195,二三四五,Stock
300407,凯发电气,Stock
000002,万科A,Stock
300057,万顺新材,Stock
000517,荣安地产,Stock
300542,新晨科技,Stock
300112,万讯自控,Stock
002480,新筑股份,Stock
603232,格尔软件,Stock
002879,长缆科技,Stock
603398,邦宝益智,Stock
603662,柯力传感,Stock
002253,川大智胜,Stock
600367,红星发展,Stock
002603,以岭药业,Stock
600737,中粮糖业,Stock
300391,康跃科技,Stock
603818,曲美家居,Stock
601126,四方股份,Stock
601599,浙文影业,Stock
300684,中石科技,Stock
600222,太龙药业,Stock
002316,亚联发展,Stock
600672,*ST华圣,Stock
600388,龙净环保,Stock
002746,仙坛股份,Stock
000055,方大集团,Stock
002068,黑猫股份,Stock
002592,ST八菱,Stock
000405,ST鑫光,Stock
002438,江苏神通,Stock
300450,先导智能,Stock
000956,中原退市,Stock
603320,迪贝电气,Stock
601608,中信重工,Stock
000813,德展健康,Stock
601258,ST庞大,Stock
600019,宝钢股份,Stock
300145,中金环境,Stock
600449,宁夏建材,Stock
002087,新野纺织,Stock
000540,中天金融,Stock
300515,三德科技,Stock
600760,中航沈飞,Stock
601872,招商轮船,Stock
002654,万润科技,Stock
000669,*ST金鸿,Stock
600330,天通股份,Stock
002204,大连重工,Stock
002711,*ST欧浦,Stock
600625,PT水仙,Stock
300283,温州宏丰,Stock
900908,氯碱B股,Stock
300329,海伦钢琴,Stock
002341,新纶科技,Stock
000686,东北证券,Stock
600275,ST昌鱼,Stock
603009,北特科技,Stock
600961,株冶集团,Stock
000868,安凯客车,Stock
002855,捷荣技术,Stock
600062,华润双鹤,Stock
600598,北大荒,Stock
002156,通富微电,Stock
600432,退市吉恩,Stock
300094,国联水产,Stock
002506,协鑫集成,Stock
002013,中航机电,Stock
300581,晨曦航空,Stock
600127,金健米业,Stock
002443,金洲管道,Stock
600577,精达股份,Stock
002910,庄园牧场,Stock
600824,益民集团,Stock
000887,中鼎股份,Stock
601366,利群股份,Stock
000757,浩物股份,Stock
300702,天宇股份,Stock
002290,禾盛新材,Stock
300352,北信源,Stock
200030,富奥B,Stock
603588,高能环境,Stock
603567,珍宝岛,Stock
000612,焦作万方,Stock
300647,超频三,Stock
002785,万里石,Stock
300217,东方电热,Stock
300539,横河模具,Stock
002551,尚荣医疗,Stock
000096,广聚能源,Stock
300169,天晟新材,Stock
002101,广东鸿图,Stock
300493,润欣科技,Stock
600035,楚天高速,Stock
000995,皇台酒业,Stock
002802,洪汇新材,Stock
600936,广西广电,Stock
603619,中曼石油,Stock
600873,梅花生物,Stock
600520,文一科技,Stock
300186,大华农,Stock
000429,粤高速A,Stock
002414,高德红外,Stock
000583,S*ST托普,Stock
600170,上海建工,Stock
002044,美年健康,Stock
603025,大豪科技,Stock
601018,宁波港,Stock
600259,广晟有色,Stock
002697,红旗连锁,Stock
900924,上工B股,Stock
300305,裕兴股份,Stock
600609,金杯汽车,Stock
603926,铁流股份,Stock
000700,模塑科技,Stock
002228,合兴包装,Stock
300240,飞力达,Stock
002678,珠江钢琴,Stock
300610,晨化股份,Stock
603863,松炀资源,Stock
002382,蓝帆医疗,Stock
603530,神马电力,Stock
603160,汇顶科技,Stock
000829,天音控股,Stock
000983,山西焦煤,Stock
601798,蓝科高新,Stock
600023,浙能电力,Stock
300485,赛升药业,Stock
002117,东港股份,Stock
002547,春兴精工,Stock
600189,泉阳泉,Stock
002052,*ST同洲,Stock
600166,福田汽车,Stock
000595,*ST宝实,Stock
002402,和而泰,Stock
300190,维尔利,Stock
600536,中国软件,Stock
601777,ST力帆,Stock
600865,百大集团,Stock
000716,黑芝麻,Stock
300313,天山生物,Stock
900932,陆家B股,Stock
002681,奋达科技,Stock
603033,三维股份,Stock
603199,九华旅游,Stock
002394,联发股份,Stock
300606,金太阳,Stock
000653,ST九州,Stock
300256,星星科技,Stock
002510,天汽模,Stock
300578,会畅通讯,Stock
300082,奥克股份,Stock
002140,东华科技,Stock
300128,锦富技术,Stock
600074,退市保千,Stock
603208,江山欧派,Stock
002843,泰嘉股份,Stock
603658,安图生物,Stock
600977,中国电影,Stock
600998,九州通,Stock
600832,东方明珠,Stock
002906,华阳集团,Stock
600561,江西长运,Stock
002455,百川股份,Stock
600131,国网信通,Stock
300597,吉大通信,Stock
002005,ST德豪,Stock
000038,深大通,Stock
600218,全柴动力,Stock
200026,飞亚达B,Stock
300344,立方数科,Stock
002286,保龄宝,Stock
603967,中创物流,Stock
600648,外高桥,Stock
603988,中电电机,Stock
300201,海伦哲,Stock
002269,美邦服饰,Stock
002793,罗欣药业,Stock
300651,金陵体育,Stock
002639,雪人股份,Stock
603822,嘉澳环保,Stock
603121,华培动力,Stock
300123,亚光科技,Stock
600585,海螺水泥,Stock
000526,紫光学大,Stock
300573,兴齐眼药,Stock
300089,文化长城,Stock
000875,吉电股份,Stock
002848,高斯贝尔,Stock
603203,快克股份,Stock
603716,塞力医疗,Stock
600839,四川长虹,Stock
000930,中粮科技,Stock
600993,马应龙,Stock
000033,新都退,Stock
300066,三川智慧,Stock
600090,*ST济堂,Stock
300436,广生堂,Stock
603595,东尼电子,Stock
600643,爱建集团,Stock
002777,久远银海,Stock
600213,亚星客车,Stock
002327,富安娜,Stock
002632,道明光学,Stock
603829,洛凯股份,Stock
600706,曲江文旅,Stock
603983,丸美股份,Stock
002262,恩华药业,Stock
002798,帝欧家居,Stock
600356,恒丰纸业,Stock
200168,*ST舜喆B,Stock
601117,中国化学,Stock
603080,新疆火炬,Stock
000988,华工科技,Stock
600881,亚泰集团,Stock
000822,山东海化,Stock
600478,科力远,Stock
000571,*ST大洲,Stock
600182,S佳通,Stock
600028,中国石化,Stock
300174,元力股份,Stock
002409,雅克科技,Stock
300461,田中精机,Stock
002059,云南旅游,Stock
300031,宝通科技,Stock
600497,驰宏锌锗,Stock
603311,金海高科,Stock
000967,盈峰环境,Stock
300318,博晖创新,Stock
900939,汇丽B,Stock
002370,亚太药业,Stock
002720,宏良股份,Stock
600614,*ST鹏起,Stock
603192,汇得科技,Stock
603038,华立股份,Stock
601005,重庆钢铁,Stock
600301,ST南化,Stock
002235,安妮股份,Stock
600751,海航科技,Stock
002665,首航高科,Stock
000658,ST海洋,Stock
300162,雷曼光电,Stock
300498,温氏股份,Stock
300532,今天国际,Stock
000567,海德股份,Stock
002809,红墙股份,Stock
603612,索通发展,Stock
600897,厦门空港,Stock
600878,*ST北科,Stock
603757,大元泵业,Stock
000971,*ST高升,Stock
000588,PT粤金曼,Stock
600481,双良节能,Stock
300027,华谊兄弟,Stock
300477,合纵科技,Stock
000422,ST宜化,Stock
600602,云赛智联,Stock
002736,国信证券,Stock
600252,中恒集团,Stock
002366,台海核电,Stock
200596,古井贡B,Stock
603887,城地香江,Stock
002673,西部证券,Stock
600747,退市大控,Stock
603868,飞科电器,Stock
002389,航天彩虹,Stock
002223,鱼跃医疗,Stock
600317,营口港,Stock
601228,广州港,Stock
601678,滨化股份,Stock
000863,三湘印象,Stock
600439,瑞贝卡,Stock
300565,科信技术,Stock
000530,冰山冷热,Stock
600069,退市银鸽,Stock
600593,大连圣亚,Stock
300135,宝利国际,Stock
300420,五洋停车,Stock
600086,退市金钰,Stock
002448,中原内配,Stock
300070,碧水源,Stock
002018,华信退,Stock
000025,特力A,Stock
600985,淮北矿业,Stock
000926,福星股份,Stock
603700,宁水集团,Stock
002331,皖通科技,Stock
300359,全通教育,Stock
600205,S山东铝,Stock
002761,多喜爱,Stock
300709,精研科技,Stock
600655,豫园股份,Stock
603429,集友股份,Stock
603583,捷昌驱动,Stock
603079,圣达生物,Stock
603096,新经典,Stock
601101,昊华能源,Stock
600340,华夏幸福,Stock
002274,华昌化工,Stock
603995,甬金股份,Stock
600710,苏美达,Stock
000619,海螺型材,Stock
002624,完美世界,Stock
002433,太安堂,Stock
600507,方大特钢,Stock
002063,远光软件,Stock
600157,ST永泰,Stock
002599,盛通股份,Stock
600854,春兰股份,Stock
002825,纳尔股份,Stock
000818,航锦科技,Stock
002576,通达动力,Stock
600012,皖通高速,Stock
002126,银轮股份,Stock
603517,绝味食品,Stock
300267,尔康制药,Stock
300637,扬帆新材,Stock
600291,西水股份,Stock
000662,天夏退,Stock
600784,鲁银投资,Stock
900903,大众B股,Stock
300322,硕贝德,Stock
000727,华东科技,Stock
300288,朗玛信息,Stock
603901,永创智能,Stock
603002,宏昌电子,Stock
600803,新奥股份,Stock
603686,龙马环卫,Stock
600100,同方股份,Stock
002034,旺能环境,Stock
000009,中国宝安,Stock
600550,保变电气,Stock
002464,众应互联,Stock
002171,楚江新材,Stock
300119,瑞普生物,Stock
002521,齐峰新材,Stock
300549,优德精密,Stock
600415,小商品城,Stock
002872,ST天圣,Stock
603393,新天然气,Stock
603669,灵康药业,Stock
603239,浙江仙通,Stock
300660,江苏雷利,Stock
000635,英力特,Stock
002608,江苏国信,Stock
603813,原尚股份,Stock
600696,ST岩石,Stock
300230,永利股份,Stock
002258,利尔化学,Stock
200152,山航B,Stock
603110,东方材料,Stock
601068,中铝国际,Stock
603055,台华新材,Stock
600679,上海凤凰,Stock
603956,威派格,Stock
300725,药石科技,Stock
600383,金地集团,Stock
200017,*ST中华B,Stock
600229,城市传媒,Stock
300375,鹏翎股份,Stock
002472,双环传动,Stock
002188,*ST巴士,Stock
600546,山煤国际,Stock
002022,科华生物,Stock
600116,三峡水利,Stock
603690,至纯科技,Stock
002921,联诚精密,Stock
600815,厦工股份,Stock
601212,白银有色,Stock
603385,惠达卫浴,Stock
000859,国风塑业,Stock
002864,盘龙药业,Stock
600403,大有能源,Stock
002537,海联金汇,Stock
600053,九鼎投资,Stock
002167,东方锆业,Stock
603556,海兴电力,Stock
603106,恒银科技,Stock
000789,万年青,Stock
300226,上海钢联,Stock
601992,金隅集团,Stock
600680,*ST上普,Stock
601838,成都银行,Stock
000623,吉林敖东,Stock
300676,华大基因,Stock
300363,博腾股份,Stock
900942,黄山B股,Stock
300699,光威复材,Stock
000766,通化金马,Stock
600395,盘江股份,Stock
300733,西菱动力,Stock
603043,广州酒家,Stock
600842,中西药业,Stock
603297,永新光学,Stock
600141,兴发集团,Stock
000048,京基智农,Stock
002075,沙钢股份,Stock
600511,国药股份,Stock
000418,小天鹅A,Stock
002425,凯撒文化,Stock
300158,振东制药,Stock
002130,沃尔核材,Stock
600004,白云机场,Stock
300508,维宏股份,Stock
002560,通达股份,Stock
002833,弘亚数控,Stock
601615,明阳智能,Stock
603628,清源股份,Stock
603278,大业股份,Stock
002649,博彦科技,Stock
600287,江苏舜天,Stock
300621,维业股份,Stock
002219,*ST恒康,Stock
300271,华宇软件,Stock
603501,韦尔股份,Stock
603444,吉比特,Stock
603917,合力科技,Stock
600638,新黄浦,Stock
000731,四川美丰,Stock
600268,国电南自,Stock
200056,皇庭B,Stock
300334,津膜科技,Stock
601880,辽港股份,Stock
600792,云煤能源,Stock
900915,中路B股,Stock
300343,联创股份,Stock
300713,英可瑞,Stock
603960,克来机电,Stock
002281,光迅科技,Stock
603599,广信股份,Stock
603063,禾望电气,Stock
603126,中材节能,Stock
300206,理邦仪器,Stock
601818,光大银行,Stock
603825,华扬联众,Stock
000603,盛达资源,Stock
300656,民德电子,Stock
600970,中材国际,Stock
601398,工商银行,Stock
300085,银之杰,Stock
600423,ST柳化,Stock
002517,恺英网络,Stock
600073,上海梅林,Stock
600589,广东榕泰,Stock
002147,*ST新光,Stock
002452,长高集团,Stock
600566,济川药业,Stock
002002,鸿达兴业,Stock
600136,当代文体,Stock
300590,移为通信,Stock
601377,兴业证券,Stock
002901,大博医疗,Stock
601727,上海电气,Stock
600835,上海机电,Stock
601009,南京银行,Stock
603937,丽岛新材,Stock
600618,氯碱化工,Stock
000711,京蓝科技,Stock
600248,陕西建工,Stock
002686,亿利达,Stock
300314,戴维医疗,Stock
900935,阳晨B股,Stock
002669,康达新材,Stock
300601,康泰生物,Stock
002393,力生制药,Stock
002239,奥特佳,Stock
300251,光线传媒,Stock
300178,腾邦国际,Stock
002110,三钢闽光,Stock
300482,万孚生物,Stock
300528,幸福蓝海,Stock
002540,亚太科技,Stock
002813,路畅科技,Stock
603608,天创时尚,Stock
001696,宗申动力,Stock
603258,电魂网络,Stock
600862,中航高科,Stock
000592,平潭发展,Stock
600161,天坛生物,Stock
002055,得润电子,Stock
000068,华控赛格,Stock
300197,铁汉生态,Stock
600531,豫光金铅,Stock
002405,四维图新,Stock
900923,百联B股,Stock
300302,同有科技,Stock
002690,美亚光电,Stock
000707,*ST双环,Stock
603188,ST亚邦,Stock
603022,新通联,Stock
603167,渤海轮渡,Stock
300247,融捷健康,Stock
002385,大北农,Stock
300617,安靠智电,Stock
601789,宁波建工,Stock
000838,财信发展,Stock
002805,丰元股份,Stock
600462,*ST九有,Stock
002556,辉隆股份,Stock
600198,大唐电信,Stock
300494,盛天网络,Stock
600032,浙江新能,Stock
002106,莱宝高科,Stock
002413,雷科防务,Stock
600527,江南高纤,Stock
300181,佐力药业,Stock
002043,兔宝宝,Stock
600177,雅戈尔,Stock
000584,哈工智能,Stock
601336,新华保险,Stock
600874,创业环保,Stock
601766,中国中车,Stock
002297,博云新材,Stock
600659,*ST花雕,Stock
603976,正川股份,Stock
300705,九典制药,Stock
000750,国海证券,Stock
200037,深南电B,Stock
600209,*ST罗顿,Stock
300355,蒙草生态,Stock
300640,德艺文创,Stock
002628,成都路桥,Stock
000615,奥园美谷,Stock
603833,欧派家居,Stock
200488,晨鸣B,Stock
300210,森远股份,Stock
002278,神开股份,Stock
002782,可立克,Stock
002151,北斗星通,Stock
300139,晓程科技,Stock
600065,*ST联谊,Stock
002501,*ST利源,Stock
300569,天能重工,Stock
600435,北方导航,Stock
300093,金刚玻璃,Stock
002852,道道全,Stock
600966,博汇纸业,Stock
600823,世茂股份,Stock
002917,金奥博,Stock
000880,潍柴重机,Stock
600989,宝丰能源,Stock
300586,美联新材,Stock
600120,浙江东方,Stock
000029,深深房A,Stock
002014,永新股份,Stock
600570,恒生电子,Stock
002444,巨星科技,Stock
002653,海思科,Stock
600767,ST运盛,Stock
603848,好太太,Stock
002203,海亮股份,Stock
600337,美克家居,Stock
601199,江南水务,Stock
600622,光大嘉宝,Stock
300284,苏交科,Stock
002716,*ST金贵,Stock
600272,开开实业,Stock
000681,视觉中国,Stock
002346,柘中股份,Stock
600788,*ST达曼,Stock
600858,银座股份,Stock
603777,来伊份,Stock
000951,中国重汽,Stock
603327,福蓉科技,Stock
002595,豪迈科技,Stock
300007,汉威科技,Stock
300457,赢合科技,Stock
000402,金融街,Stock
300142,沃森生物,Stock
300512,中亚股份,Stock
000547,航天发展,Stock
002080,中材科技,Stock
002829,星网宇达,Stock
603798,康普顿,Stock
600360,华微电子,Stock
000793,华闻集团,Stock
002254,泰和新材,Stock
601988,中国银行,Stock
600730,中国高科,Stock
300396,迪瑞医疗,Stock
002604,龙力退,Stock
000639,西王食品,Stock
002311,海大集团,Stock
300379,东方通,Stock
300683,海特生物,Stock
600225,*ST松江,Stock
002741,光华科技,Stock
300729,乐歌股份,Stock
600675,中华企业,Stock
603059,倍加洁,Stock
300400,劲拓股份,Stock
002468,申通快递,Stock
002192,融捷股份,Stock
300050,世纪鼎利,Stock
000005,世纪星源,Stock
002038,双鹭药业,Stock
002891,中宠股份,Stock
000906,浙商中拓,Stock
601208,东材科技,Stock
601658,邮储银行,Stock
603665,康隆达,Stock
600419,天润乳业,Stock
300545,联得装备,Stock
000510,新金路,Stock
002487,大金重工,Stock
300115,长盈精密,Stock
002612,朗姿股份,Stock
300380,安硕信息,Stock
603809,豪能股份,Stock
600726,华电能源,Stock
002242,九阳股份,Stock
000785,居然之家,Stock
600376,首开股份,Stock
601137,博威合金,Stock
601567,三星医疗,Stock
601588,北辰实业,Stock
600663,陆家嘴,Stock
600399,抚顺特钢,Stock
002757,南兴股份,Stock
600233,圆通速递,Stock
300695,兆丰股份,Stock
002307,北新路桥,Stock
600819,耀皮玻璃,Stock
000910,大亚圣象,Stock
603366,日出东方,Stock
002887,绿茵生态,Stock
000013,*ST石化A,Stock
300046,台基股份,Stock
002184,海得控制,Stock
300416,苏试试验,Stock
000156,华数传媒,Stock
300103,达刚控股,Stock
002491,通鼎互联,Stock
000506,中润资源,Stock
300553,集智股份,Stock
002868,绿康生化,Stock
603389,*ST亚振,Stock
603223,恒通股份,Stock
600321,正源股份,Stock
002215,诺普信,Stock
600771,广誉远,Stock
000678,襄阳轴承,Stock
002645,华宏科技,Stock
300338,开元教育,Stock
900919,*ST绿庭B,Stock
002350,北京科锐,Stock
000697,炼石航空,Stock
002700,ST浩源,Stock
300292,吴通控股,Stock
600634,*ST富控,Stock
603018,华设集团,Stock
002429,兆驰股份,Stock
300441,鲍斯股份,Stock
002079,苏州固锝,Stock
300011,鼎汉技术,Stock
002583,海能达,Stock
603331,百达精工,Stock
601619,嘉泽新能,Stock
000802,北京文化,Stock
600458,时代新材,Stock
002096,南岭民爆,Stock
000551,创元科技,Stock
300504,天邑股份,Stock
600008,首创股份,Stock
300154,瑞凌股份,Stock
300440,运达科技,Stock
000415,渤海租赁,Stock
002428,云南锗业,Stock
300010,豆神教育,Stock
000045,深纺织A,Stock
002078,太阳纸业,Stock
002582,好想你,Stock
603330,上海天洋,Stock
601618,中国中冶,Stock
000803,北清环能,Stock
002097,山河智能,Stock
600459,贵研铂业,Stock
300505,川金诺,Stock
000550,江铃汽车,Stock
600009,上海机场,Stock
300155,安居宝,Stock
000100,TCL科技,Stock
600320,振华重工,Stock
002214,大立科技,Stock
600770,综艺股份,Stock
002644,佛慈制药,Stock
000679,*ST友谊,Stock
002351,漫步者,Stock
300339,润和软件,Stock
900918,耀皮B股,Stock
600265,ST景谷,Stock
002701,奥瑞金,Stock
300293,蓝英装备,Stock
600635,大众公用,Stock
603019,中科曙光,Stock
603737,三棵树,Stock
600818,中路股份,Stock
000911,南宁糖业,Stock
002886,沃特股份,Stock
603367,辰欣药业,Stock
300047,天源迪科,Stock
000012,南玻A,Stock
002185,华天科技,Stock
300417,南华仪器,Stock
300102,乾照光电,Stock
000157,中联重科,Stock
002490,山东墨龙,Stock
300552,万集科技,Stock
000507,珠海港,Stock
603388,元成股份,Stock
002869,金溢科技,Stock
603222,济民制药,Stock
002613,北玻股份,Stock
300381,溢多利,Stock
603808,歌力思,Stock
600727,鲁北化工,Stock
002243,力合科创,Stock
600377,宁沪高速,Stock
001896,豫能控股,Stock
601566,九牧王,Stock
600662,强生控股,Stock
002756,永兴材料,Stock
600398,海澜之家,Stock
600232,金鹰股份,Stock
300694,蠡湖股份,Stock
002306,中科云网,Stock
002469,三维工程,Stock
300401,花园生物,Stock
002193,如意集团,Stock
002039,黔源电力,Stock
000004,国华网安,Stock
300051,三五互联,Stock
002890,弘宇股份,Stock
603721,中广天择,Stock
600418,江淮汽车,Stock
000511,烯碳退,Stock
600048,保利地产,Stock
002486,嘉麟杰,Stock
300114,中航电测,Stock
000792,*ST盐湖,Stock
600361,华联综超,Stock
601989,中国重工,Stock
002255,*ST海陆,Stock
600731,湖南海利,Stock
300397,天和防务,Stock
000638,万方发展,Stock
002605,姚记科技,Stock
300378,鼎捷软件,Stock
002310,东方园林,Stock
300682,朗新科技,Stock
300728,天常股份,Stock
002740,爱迪尔,Stock
600674,川投能源,Stock
601966,玲珑轮胎,Stock
603408,建霖家居,Stock
603058,永吉股份,Stock
600859,王府井,Stock
603776,永安行,Stock
000950,重药控股,Stock
603326,我乐家居,Stock
002594,比亚迪,Stock
300006,莱美药业,Stock
000403,派林生物,Stock
300456,赛微电子,Stock
300143,盈康生命,Stock
000546,金圆股份,Stock
300513,恒实科技,Stock
002081,金螳螂,Stock
002828,贝肯能源,Stock
000815,美利云,Stock
603633,徕木股份,Stock
603799,华友钴业,Stock
002652,扬子新材,Stock
600766,园城黄金,Stock
002202,金风科技,Stock
600336,澳柯玛,Stock
601177,杭齿前进,Stock
601198,东兴证券,Stock
600623,华谊集团,Stock
300285,国瓷材料,Stock
002717,岭南股份,Stock
000680,山推股份,Stock
600273,嘉化能源,Stock
600789,鲁抗医药,Stock
002347,泰尔股份,Stock
300138,晨光生物,Stock
002150,通润装备,Stock
600064,南京高科,Stock
300568,星源材质,Stock
002500,山西证券,Stock
300092,科新机电,Stock
002853,皮阿诺,Stock
600967,内蒙一机,Stock
603648,畅联股份,Stock
603218,日月股份,Stock
601225,陕西煤业,Stock
600822,上海物贸,Stock
002916,深南电路,Stock
000881,中广核技,Stock
601360,三六零,Stock
600988,赤峰黄金,Stock
300587,天铁股份,Stock
600121,郑州煤电,Stock
002015,协鑫能科,Stock
000028,国药一致,Stock
600571,信雅达,Stock
002445,*ST中南,Stock
600658,电子城,Stock
603977,国泰集团,Stock
002296,辉煌科技,Stock
000751,锌业股份,Stock
600208,新湖中宝,Stock
000301,东方盛虹,Stock
300354,东华测试,Stock
002629,ST仁智,Stock
300641,正丹股份,Stock
002279,久其软件,Stock
603998,方盛制药,Stock
300211,亿通科技,Stock
002783,凯龙股份,Stock
603131,上海沪工,Stock
000993,闽东电力,Stock
601788,光大证券,Stock
000839,中信国安,Stock
000090,天健集团,Stock
600463,空港股份,Stock
600199,金种子酒,Stock
002557,洽洽食品,Stock
300495,美尚生态,Stock
600033,福建高速,Stock
002107,沃华医药,Stock
002412,汉森制药,Stock
600526,菲达环保,Stock
300180,华峰超纤,Stock
002042,华孚时尚,Stock
000585,*ST东电,Stock
600176,中国巨石,Stock
600875,东方电气,Stock
900922,三毛B股,Stock
300303,聚飞光电,Stock
002691,冀凯股份,Stock
603920,世运电路,Stock
603189,网达软件,Stock
603023,威帝股份,Stock
603536,惠发食品,Stock
603166,福达股份,Stock
300246,宝莱特,Stock
601858,中国科传,Stock
002384,东山精密,Stock
300616,尚品宅配,Stock
002111,威海广泰,Stock
300179,四方达,Stock
600025,华能水电,Stock
300483,首华燃气,Stock
002541,鸿路钢构,Stock
300529,健帆生物,Stock
600475,华光环能,Stock
002812,恩捷股份,Stock
603609,禾丰股份,Stock
600926,杭州银行,Stock
603259,药明康德,Stock
000985,大庆华科,Stock
600863,内蒙华电,Stock
600160,巨化股份,Stock
000593,大通燃气,Stock
000069,华侨城A,Stock
002054,德美化工,Stock
300196,长海股份,Stock
600530,*ST交昂,Stock
002404,嘉欣丝绸,Stock
603035,常熟汽饰,Stock
601008,连云港,Stock
603936,博敏电子,Stock
600619,海立股份,Stock
000710,贝瑞基因,Stock
002687,乔治白,Stock
600249,两面针,Stock
300315,掌趣科技,Stock
900934,锦江B股,Stock
300600,国瑞科技,Stock
002668,奥马电器,Stock
000655,金岭矿业,Stock
002392,北京利尔,Stock
300250,初灵信息,Stock
002238,天威视讯,Stock
603520,司太立,Stock
601233,桐昆股份,Stock
600971,恒源煤电,Stock
000878,云南铜业,Stock
002845,同兴达,Stock
601399,ST国重装,Stock
300084,海默科技,Stock
600422,昆药集团,Stock
002516,旷达科技,Stock
600072,中船科技,Stock
002146,荣盛发展,Stock
600588,用友网络,Stock
002453,华软科技,Stock
600567,山鹰国际,Stock
002003,伟星股份,Stock
600137,浪莎股份,Stock
300591,万里马,Stock
000897,津滨发展,Stock
002900,哈三联,Stock
600834,申通地铁,Stock
300342,天银机电,Stock
200020,深华发B,Stock
300712,永福股份,Stock
002280,*ST联络,Stock
603598,引力传媒,Stock
603577,汇金通,Stock
603127,昭衍新药,Stock
002795,永和智控,Stock
300207,欣旺达,Stock
300657,弘信电子,Stock
000602,金马集团,Stock
600286,S*ST国瓷,Stock
300620,光库科技,Stock
000675,ST银山,Stock
002648,卫星石化,Stock
300270,中威电子,Stock
002218,拓日新能,Stock
603500,祥和实业,Stock
601028,玉龙股份,Stock
603015,弘讯科技,Stock
603916,苏博特,Stock
600639,浦东金桥,Stock
000730,*ST环保,Stock
600269,赣粤高速,Stock
200057,*ST大洋B,Stock
601881,中国银河,Stock
300335,迪森股份,Stock
900914,锦在线B,Stock
600793,宜宾纸业,Stock
600843,上工申贝,Stock
002074,国轩高科,Stock
000049,德赛电池,Stock
600510,黑牡丹,Stock
002424,贵州百灵,Stock
000419,通程控股,Stock
002131,利欧股份,Stock
300159,新研股份,Stock
600005,武钢股份,Stock
002561,徐家汇,Stock
300509,新美星,Stock
600455,博通股份,Stock
002832,比音勒芬,Stock
603629,利通电子,Stock
600906,财达证券,Stock
603279,景津环保,Stock
603557,起步股份,Stock
000788,北大医药,Stock
300227,光韵达,Stock
600681,百川能源,Stock
300677,英科医疗,Stock
000622,恒立实业,Stock
300362,天翔环境,Stock
900943,开开B股,Stock
300698,万马科技,Stock
300732,设研院,Stock
000767,晋控电力,Stock
603042,华脉科技,Stock
002473,ST圣莱,Stock
600547,山东黄金,Stock
002189,中光学,Stock
002023,海特高新,Stock
600117,西宁特钢,Stock
002920,德赛西威,Stock
600814,杭州解百,Stock
002865,钧达股份,Stock
000858,五粮液,Stock
002536,飞龙股份,Stock
600052,浙江广厦,Stock
002166,莱茵生物,Stock
002609,捷顺科技,Stock
300661,圣邦股份,Stock
002259,*ST升达,Stock
600697,欧亚集团,Stock
601985,中国核电,Stock
300231,银信科技,Stock
603111,康尼机电,Stock
601086,国芳集团,Stock
601069,西部黄金,Stock
600678,四川金顶,Stock
300724,捷佳伟创,Stock
600382,广东明珠,Stock
200016,深康佳B,Stock
600228,昌九生化,Stock
900955,*ST海创B,Stock
300374,中铁装配,Stock
600802,福建水泥,Stock
603687,大胜达,Stock
600101,明星电力,Stock
000008,神州高铁,Stock
002035,华帝股份,Stock
600551,时代出版,Stock
002465,海格通信,Stock
300118,东方日升,Stock
002170,芭田股份,Stock
300548,博创科技,Stock
002520,日发精机,Stock
603392,万泰生物,Stock
002873,新天药业,Stock
603668,天马科技,Stock
603238,诺邦股份,Stock
603516,淳中科技,Stock
300266,兴源环境,Stock
601878,浙商证券,Stock
000663,*ST永林,Stock
300636,同和药业,Stock
600290,*ST华仪,Stock
900902,市北B股,Stock
600785,新华百货,Stock
300323,华灿光电,Stock
200041,*ST本实B,Stock
000726,鲁泰A,Stock
300289,利德曼,Stock
603900,莱绅通灵,Stock
603003,龙宇燃油,Stock
002432,九安医疗,Stock
600506,香梨股份,Stock
002062,宏润建设,Stock
002598,山东章鼓,Stock
600156,华升股份,Stock
600855,航天长峰,Stock
000819,岳阳兴长,Stock
002824,和胜股份,Stock
002577,雷柏科技,Stock
002127,南极电商,Stock
300358,楚天科技,Stock
002330,得利斯,Stock
300708,聚灿光电,Stock
002760,凤形股份,Stock
600654,ST中安,Stock
603078,江化微,Stock
601100,恒立液压,Stock
002275,桂林三金,Stock
600711,盛屯矿业,Stock
002625,光启技术,Stock
000618,吉化退市,Stock
601229,上海银行,Stock
603214,爱婴室,Stock
000862,银星能源,Stock
600438,通威股份,Stock
000531,穗恒运A,Stock
300564,筑博设计,Stock
600068,葛洲坝,Stock
600592,龙溪股份,Stock
300134,大富科技,Stock
002449,国星光电,Stock
300421,力星股份,Stock
600087,退市长油,Stock
000024,招商地产,Stock
002019,亿帆医药,Stock
300071,华谊嘉信,Stock
600984,建设机械,Stock
601696,中银证券,Stock
603351,威尔药业,Stock
000927,中国铁物,Stock
603701,德宏股份,Stock
601012,隆基股份,Stock
603185,上机数控,Stock
600603,广汇物流,Stock
002737,葵花药业,Stock
600253,天方药业,Stock
603886,元祖股份,Stock
002367,康力电梯,Stock
002672,东江环保,Stock
002388,新亚制程,Stock
600746,江苏索普,Stock
603869,新智认知,Stock
002222,福晶科技,Stock
600316,洪都航空,Stock
300163,先锋新材,Stock
300499,高澜股份,Stock
000566,海南海药,Stock
300533,冰川网络,Stock
600195,中牧股份,Stock
000835,*ST长动,Stock
002808,恒久科技,Stock
603613,国联股份,Stock
600896,览海医疗,Stock
600879,航天电子,Stock
000970,中科三环,Stock
603306,华懋科技,Stock
000589,贵州轮胎,Stock
600480,凌云股份,Stock
300026,红日药业,Stock
000423,东阿阿胶,Stock
300476,胜宏科技,Stock
002371,北方华创,Stock
200581,苏威孚B,Stock
603890,春秋电子,Stock
300319,麦捷科技,Stock
900938,海科B,Stock
002721,金一文化,Stock
600615,丰华股份,Stock
603039,泛微网络,Stock
603486,科沃斯,Stock
600300,维维股份,Stock
002234,民和股份,Stock
600750,江中药业,Stock
000659,珠海中富,Stock
002664,长鹰信质,Stock
000989,九芝堂,Stock
601268,*ST二重,Stock
600880,博瑞传播,Stock
603605,珀莱雅,Stock
000823,超声电子,Stock
600479,千金药业,Stock
600183,生益科技,Stock
300525,博思软件,Stock
000570,苏常柴A,Stock
600029,南方航空,Stock
300175,朗源股份,Stock
300460,惠伦晶体,Stock
002408,齐翔腾达,Stock
300030,阳普医疗,Stock
600496,精工钢构,Stock
002058,*ST威尔,Stock
000065,北方国际,Stock
000966,长源电力,Stock
600642,申能股份,Stock
002776,ST柏龙,Stock
600212,江泉实业,Stock
002326,永太科技,Stock
002633,申科股份,Stock
603828,柯利达,Stock
200539,粤电力B,Stock
600707,彩虹股份,Stock
002263,大东南,Stock
603982,泉峰汽车,Stock
600357,承德钒钛,Stock
002799,环球印务,Stock
601116,三江购物,Stock
603081,大丰实业,Stock
300122,智飞生物,Stock
600584,长电科技,Stock
300572,安车检测,Stock
000527,美的电器,Stock
300088,长信科技,Stock
002849,威星智能,Stock
603717,天域生态,Stock
600838,上海九百,Stock
000931,中关村,Stock
600992,贵绳股份,Stock
300067,安诺其,Stock
000032,深桑达A,Stock
600091,ST明科,Stock
300437,清水源,Stock
601928,凤凰传媒,Stock
603915,国茂股份,Stock
000733,振华科技,Stock
000699,S*ST佳纸,Stock
200054,建车B,Stock
900917,海欣B股,Stock
600790,轻纺城,Stock
601882,海天精工,Stock
300336,新文化,Stock
603016,新宏泰,Stock
300623,捷捷微电,Stock
600285,羚锐制药,Stock
000676,智度股份,Stock
200541,粤照明B,Stock
300273,和佳医疗,Stock
002831,裕同科技,Stock
002132,恒星科技,Stock
600006,东风汽车,Stock
002562,兄弟科技,Stock
600456,宝钛股份,Stock
002098,浔兴股份,Stock
600143,金发科技,Stock
002077,*ST大港,Stock
600513,联环药业,Stock
002427,ST尤夫,Stock
600840,新湖创业,Stock
000949,新乡化纤,Stock
603041,美思德,Stock
900940,大名城B,Stock
300361,奥赛康,Stock
002309,中利集团,Stock
300731,科创新源,Stock
600397,安源煤业,Stock
002759,天际股份,Stock
600378,昊华科技,Stock
600682,南京新百,Stock
601990,南京证券,Stock
300224,正海磁材,Stock
600728,佳都科技,Stock
300674,宇信科技,Stock
000621,*ST比特,Stock
601139,深圳燃气,Stock
600401,退市海润,Stock
002535,*ST林重,Stock
000508,琼民源,Stock
600051,宁波联合,Stock
002165,红宝丽,Stock
000158,常山北明,Stock
002866,传艺科技,Stock
603387,基蛋生物,Stock
603368,柳药股份,Stock
002889,东方嘉盛,Stock
002923,润都股份,Stock
600817,宏盛科技,Stock
603738,泰晶科技,Stock
002470,*ST金正,Stock
300418,昆仑万维,Stock
002020,京新药业,Stock
300048,合康新能,Stock
600114,东睦股份,Stock
601969,海南矿业,Stock
600381,青海春天,Stock
300727,润禾材料,Stock
200015,PT中浩B,Stock
300377,赢时胜,Stock
900956,东贝B股,Stock
603112,华翔股份,Stock
000637,茂化实华,Stock
300662,科锐国际,Stock
603811,诚意药业,Stock
300398,飞凯材料,Stock
300232,洲明科技,Stock
600694,大商股份,Stock
002870,香山股份,Stock
601206,海尔施,Stock
002173,创新医疗,Stock
002489,浙江永强,Stock
002523,天桥起重,Stock
600102,莱钢股份,Stock
002036,联创电子,Stock
600552,凯盛科技,Stock
002466,天齐锂业,Stock
600801,华新水泥,Stock
000908,景峰医药,Stock
603000,人民网,Stock
002348,高乐股份,Stock
300320,海达股份,Stock
900901,云赛B股,Stock
600786,东方锅炉,Stock
002718,友邦吊顶,Stock
000725,京东方A,Stock
603903,中持股份,Stock
600339,中油工程,Stock
300265,通光线缆,Stock
600769,祥龙电业,Stock
000660,*ST南华,Stock
600293,三峡新材,Stock
300635,中达安,Stock
603515,欧普照明,Stock
000549,S湘火炬,Stock
002574,明牌珠宝,Stock
600010,包钢股份,Stock
002124,天邦股份,Stock
601601,中国太保,Stock
002827,高争民爆,Stock
603329,上海雅仕,Stock
603283,赛腾股份,Stock
603779,ST威龙,Stock
600856,ST中天,Stock
300459,金科文化,Stock
002431,棕榈股份,Stock
600505,西昌电力,Stock
300009,安科生物,Stock
002061,浙江交科,Stock
600155,华创阳安,Stock
603997,继峰股份,Stock
002276,万马股份,Stock
601800,中国交建,Stock
600712,南宁百货,Stock
002626,金达威,Stock
002333,ST罗普,Stock
600207,安彩高科,Stock
200039,中集B,Stock
002763,汇洁股份,Stock
002299,圣农发展,Stock
603978,深圳新星,Stock
600657,信达地产,Stock
600987,航民股份,Stock
002919,名臣健康,Stock
600084,ST中葡,Stock
300422,博世科,Stock
000027,深圳能源,Stock
300072,三聚环保,Stock
300588,熙菱信息,Stock
000532,华金资本,Stock
300567,精测电子,Stock
000498,山东路桥,Stock
300137,先河环保,Stock
600591,*ST上航,Stock
603217,元利科技,Stock
600968,海油发展,Stock
000861,海印股份,Stock
603169,兰石重装,Stock
300619,金银河,Stock
002671,龙泉股份,Stock
601857,中国石油,Stock
600745,闻泰科技,Stock
300249,依米康,Stock
002221,东华能源,Stock
600315,上海家化,Stock
600600,青岛啤酒,Stock
002734,利民股份,Stock
000709,河钢股份,Stock
600250,南纺股份,Stock
603885,吉祥航空,Stock
002364,中恒电气,Stock
601011,宝泰隆,Stock
603186,华正新材,Stock
600179,*ST安通,Stock
000070,特发信息,Stock
300025,华星创业,Stock
600483,福能股份,Stock
600529,山东药玻,Stock
000420,吉林化纤,Stock
300475,聚隆科技,Stock
603755,日辰股份,Stock
000973,佛塑科技,Stock
603305,旭升股份,Stock
000836,富通信息,Stock
603610,麒盛科技,Stock
600895,张江高科,Stock
002108,沧州明珠,Stock
300160,秀强股份,Stock
000565,渝三峡A,Stock
002558,巨人网络,Stock
600196,复星医药,Stock
300530,达志科技,Stock
600303,曙光股份,Stock
002237,恒邦股份,Stock
600753,东方银星,Stock
002667,鞍重股份,Stock
601512,中新集团,Stock
601007,金陵饭店,Stock
002372,伟星新材,Stock
603893,瑞芯微,Stock
600246,万通发展,Stock
002688,金河生物,Stock
002722,金轮股份,Stock
600616,金枫酒业,Stock
603939,益丰药房,Stock
603313,梦百合,Stock
000965,天保基建,Stock
300463,迈克生物,Stock
300199,翰宇药业,Stock
600495,晋西车轴,Stock
300033,同花顺,Stock
000066,中国长城,Stock
000089,深圳机场,Stock
300526,中潜股份,Stock
600180,瑞茂通,Stock
000573,粤宏远A,Stock
300176,派生科技,Stock
603256,宏和科技,Stock
600883,博闻科技,Stock
600929,雪天盐业,Stock
603606,东方电缆,Stock
000820,*ST节能,Stock
603128,华贸物流,Stock
603578,三星新材,Stock
200869,张裕B,Stock
002630,华西能源,Stock
300658,延江股份,Stock
600704,物产中大,Stock
601816,京沪高铁,Stock
002260,*ST德奥,Stock
300208,青岛中程,Stock
600354,*ST敦种,Stock
600641,万业企业,Stock
000748,长城信息,Stock
002775,文科园林,Stock
600211,西藏药业,Stock
002325,洪涛股份,Stock
600138,中青旅,Stock
300064,ST金刚,Stock
000031,大悦城,Stock
600568,*ST中珠,Stock
300434,金石亚药,Stock
600092,S*ST精密,Stock
000932,华菱钢铁,Stock
000898,鞍钢股份,Stock
600991,广汽长丰,Stock
000877,天山股份,Stock
600587,新华医疗,Stock
300121,阳谷华泰,Stock
002149,西部材料,Stock
300571,平治信息,Stock
002519,银河电子,Stock
000524,岭南控股,Stock
200613,大东海B,Stock
002094,青岛金王,Stock
300506,名家汇,Stock
000553,安道麦A,Stock
300156,神雾退,Stock
600909,华安证券,Stock
603626,科森科技,Stock
000800,一汽解放,Stock
603333,尚纬股份,Stock
603299,苏盐井神,Stock
300443,金雷股份,Stock
000416,民生控股,Stock
300013,新宁物流,Stock
000046,泛海控股,Stock
002581,未名医药,Stock
002352,顺丰控股,Stock
200058,深赛格B,Stock
600266,城建发展,Stock
000695,滨海能源,Stock
002702,海欣食品,Stock
600636,国新文化,Stock
603919,金徽酒,Stock
300290,荣科科技,Stock
600323,瀚蓝环境,Stock
002217,合力泰,Stock
600773,西藏城投,Stock
002647,仁东控股,Stock
600289,*ST信通,Stock
601162,天风证券,Stock
603221,爱丽家居,Stock
300101,振芯科技,Stock
002169,智光电气,Stock
002493,荣盛石化,Stock
300551,古鳌科技,Stock
000504,ST生物,Stock
002539,云图控股,Stock
600118,中国卫星,Stock
300044,赛为智能,Stock
000011,深物业A,Stock
002186,全聚德,Stock
600548,深高速,Stock
300414,中光防雷,Stock
000912,泸天化,Stock
002885,京泉华,Stock
600661,昂立教育,Stock
002755,奥赛康,Stock
000768,中航西飞,Stock
300697,电工合金,Stock
600231,凌钢股份,Stock
002305,南国置业,Stock
000338,潍柴动力,Stock
603108,润达医疗,Stock
603558,健盛集团,Stock
002610,爱康科技,Stock
300678,中科信息,Stock
600724,宁波富达,Stock
300382,斯莱克,Stock
002240,盛新锂能,Stock
300228,富瑞特装,Stock
000787,*ST创智,Stock
200625,长安B,Stock
300547,川环科技,Stock
002485,希努尔,Stock
300117,嘉寓股份,Stock
603667,五洲新春,Stock
603688,石英股份,Stock
002893,华通热力,Stock
603722,阿科力,Stock
300402,宝色股份,Stock
002190,成飞集成,Stock
000007,全新好,Stock
300052,中青宝,Stock
601066,中信建投,Stock
002313,日海智能,Stock
600227,圣济堂,Stock
200019,深粮B,Stock
300681,英搏尔,Stock
002743,富煌钢构,Stock
601965,中国汽研,Stock
603958,哈森股份,Stock
600677,*ST航通,Stock
000791,甘肃电投,Stock
600362,江西铜业,Stock
600698,ST天雁,Stock
002256,*ST兆新,Stock
300394,天孚通信,Stock
600732,爱旭股份,Stock
002606,大连电瓷,Stock
000816,智慧农业,Stock
603630,拉芳家化,Stock
603260,合盛硅业,Stock
002128,露天煤业,Stock
300140,中环装备,Stock
002578,闽发铝业,Stock
000545,金浦钛业,Stock
300510,金冠股份,Stock
002082,万邦德,Stock
600159,大龙地产,Stock
002597,金禾实业,Stock
000050,深天马A,Stock
300005,探路者,Stock
600509,天富能源,Stock
000400,许继电气,Stock
300455,康拓红外,Stock
000953,*ST河化,Stock
601318,中国平安,Stock
300286,安科瑞,Stock
600620,天宸股份,Stock
000729,燕京啤酒,Stock
002714,牧原股份,Stock
000683,远兴能源,Stock
600270,外运发展,Stock
601898,中煤能源,Stock
002344,海宁皮城,Stock
603519,立霸股份,Stock
300639,凯普生物,Stock
002651,利君股份,Stock
601877,正泰电器,Stock
600765,中航重机,Stock
300269,联建光电,Stock
002201,九鼎新材,Stock
600335,国机汽车,Stock
600122,*ST宏图,Stock
300584,海辰药业,Stock
002016,世荣兆业,Stock
600572,康恩贝,Stock
600088,中视传媒,Stock
002446,盛路通信,Stock
600821,*ST劝业,Stock
002915,中欣氟材,Stock
000928,中钢国际,Stock
000882,华联股份,Stock
601699,潞安环能,Stock
002850,科达利,Stock
601226,华电重工,Stock
002153,石基信息,Stock
600067,冠城大通,Stock
002503,搜于特,Stock
300091,金通灵,Stock
603098,森特股份,Stock
000617,中油资本,Stock
300642,透景生命,Stock
300212,易华录,Stock
002780,三夫户外,Stock
601949,中国出版,Stock
002295,精艺股份,Stock
000752,*ST西发,Stock
300707,威唐工业,Stock
300357,我武生物,Stock
603077,和邦生物,Stock
603309,维力医疗,Stock
603759,海天股份,Stock
600876,洛阳玻璃,Stock
300479,神思电子,Stock
002411,延安必康,Stock
300183,东软载波,Stock
600525,长园集团,Stock
300029,ST天龙,Stock
002041,登海种业,Stock
000586,汇源通信,Stock
600175,退市美都,Stock
600460,士兰微,Stock
002554,惠博普,Stock
000569,长城股份,Stock
600030,中信证券,Stock
300496,中科创达,Stock
002104,恒宝股份,Stock
000990,诚志股份,Stock
600899,*ST信联,Stock
600933,爱柯迪,Stock
002807,江阴银行,Stock
600319,ST亚星,Stock
300245,天玑科技,Stock
603866,桃李面包,Stock
600749,西藏旅游,Stock
002387,维信诺,Stock
300615,欣天科技,Stock
603535,嘉诚国际,Stock
601158,重庆水务,Stock
603165,荣晟环保,Stock
603020,爱普股份,Stock
002368,太极股份,Stock
300300,海峡创新,Stock
603889,新澳股份,Stock
900921,丹科B股,Stock
002692,ST远程,Stock
000705,浙江震元,Stock
002738,中矿资源,Stock
600163,中闽能源,Stock
000590,启迪药业,Stock
002057,中钢天源,Stock
600499,科达制造,Stock
600533,栖霞建设,Stock
300195,长荣股份,Stock
002407,多氟多,Stock
600860,京城股份,Stock
000969,安泰科技,Stock
601288,农业银行,Stock
002811,郑中设计,Stock
002112,三变科技,Stock
300480,光力科技,Stock
600026,中远海能,Stock
002542,中化岩土,Stock
600476,湘邮科技,Stock
603489,八方股份,Stock
300603,立昂技术,Stock
000656,金科股份,Stock
002391,长青股份,Stock
300253,卫宁健康,Stock
601908,京运通,Stock
000713,丰乐种业,Stock
002684,ST猛狮,Stock
900937,华电B股,Stock
300316,晶盛机电,Stock
603036,如通股份,Stock
603466,风语筑,Stock
601375,中原证券,Stock
603348,文灿股份,Stock
002903,宇环数控,Stock
600837,海通证券,Stock
603718,海利生物,Stock
002450,康得退,Stock
300438,鹏辉能源,Stock
300068,南都电源,Stock
300592,华凯创意,Stock
600421,ST华嵘,Stock
300087,荃银高科,Stock
000528,柳工,Stock
002515,金字火腿,Stock
600071,凤凰光学,Stock
002145,中核钛白,Stock
002846,英联股份,Stock
002796,世嘉科技,Stock
600358,*ST联合,Stock
300204,舒泰神,Stock
600708,光明地产,Stock
300654,世纪天鸿,Stock
000601,韶能股份,Stock
300341,麦克奥迪,Stock
002329,皇氏集团,Stock
300711,广哈通信,Stock
002779,中坚科技,Stock
002283,天润工业,Stock
600359,新农开发,Stock
002797,第一创业,Stock
300205,天喻信息,Stock
600709,ST生态,Stock
603826,坤彩科技,Stock
000600,建投能源,Stock
300655,晶瑞股份,Stock
601118,海南橡胶,Stock
603060,国检集团,Stock
002328,新朋股份,Stock
300340,科恒股份,Stock
200022,深赤湾B,Stock
002778,高科石化,Stock
300710,万隆光电,Stock
603963,大理药业,Stock
002282,博深股份,Stock
000895,双汇发展,Stock
002902,铭普光磁,Stock
600836,*ST界龙,Stock
603719,良品铺子,Stock
300439,美康生物,Stock
002451,摩恩电气,Stock
600565,迪马股份,Stock
300069,金利华电,Stock
002001,新和成,Stock
300593,新雷能,Stock
600135,乐凯胶片,Stock
600420,国药现代,Stock
300086,康芝药业,Stock
002514,宝馨科技,Stock
000529,广弘控股,Stock
600070,浙江富润,Stock
002144,宏达高科,Stock
601231,环旭电子,Stock
600973,宝胜股份,Stock
002847,盐津铺子,Stock
603488,展鹏科技,Stock
000657,中钨高新,Stock
300602,飞荣达,Stock
603871,嘉友国际,Stock
002390,信邦制药,Stock
300252,金信诺,Stock
000712,锦龙股份,Stock
002685,华东重机,Stock
900936,鄂资B股,Stock
300317,珈伟新能,Stock
603037,凯众股份,Stock
000591,太阳能,Stock
600162,香江控股,Stock
600498,烽火通信,Stock
002056,横店东磁,Stock
600532,未来股份,Stock
300194,福安药业,Stock
002406,远东传动,Stock
600861,北京城乡,Stock
000968,蓝焰控股,Stock
002810,山东赫达,Stock
601636,旗滨集团,Stock
000987,越秀金控,Stock
002113,*ST天润,Stock
300481,濮阳惠成,Stock
600027,华电国际,Stock
002543,万和电气,Stock
600477,杭萧钢构,Stock
600318,新力金融,Stock
300244,迪安诊断,Stock
002386,天原股份,Stock
603867,新化股份,Stock
600748,上实发展,Stock
603021,山东华鹏,Stock
300301,长方集团,Stock
603888,新华网,Stock
900920,上柴B股,Stock
002369,卓翼科技,Stock
002693,双成药业,Stock
002739,万达电影,Stock
603922,金鸿顺,Stock
603308,应流股份,Stock
603758,秦安股份,Stock
600877,ST电能,Stock
002410,广联达,Stock
300478,杭州高新,Stock
300182,捷成股份,Stock
002040,南京港,Stock
300028,金亚退,Stock
000587,*ST金洲,Stock
600461,洪城水业,Stock
000568,泸州老窖,Stock
002555,三七互娱,Stock
600031,三一重工,Stock
300497,富祥药业,Stock
002105,信隆健康,Stock
000991,通海高科,Stock
600898,*ST美讯,Stock
002806,华锋股份,Stock
603133,碳元科技,Stock
603099,长白山,Stock
300643,万通智控,Stock
000616,海航投资,Stock
200521,虹美菱B,Stock
300213,佳讯飞鸿,Stock
002781,奇信股份,Stock
002294,信立泰,Stock
300706,阿石创,Stock
000753,漳州发展,Stock
300356,光一科技,Stock
603076,乐惠国际,Stock
600123,兰花科创,Stock
300585,奥联电子,Stock
002017,东信和平,Stock
600573,惠泉啤酒,Stock
002447,*ST晨鑫,Stock
600089,特变电工,Stock
600820,隧道股份,Stock
000929,兰州黄河,Stock
000883,湖北能源,Stock
601698,中国卫通,Stock
002851,麦格米特,Stock
601677,明泰铝业,Stock
600965,福成股份,Stock
002152,广电运通,Stock
600066,宇通客车,Stock
002502,*ST鼎龙,Stock
300090,盛运退,Stock
600436,片仔癀,Stock
601933,永辉超市,Stock
300287,飞利信,Stock
600621,华鑫股份,Stock
002715,登云股份,Stock
000728,国元证券,Stock
600271,航天信息,Stock
000682,东方电子,Stock
002345,潮宏基,Stock
601899,紫金矿业,Stock
603518,锦泓集团,Stock
002650,ST加加,Stock
300638,广和通,Stock
600764,中国海防,Stock
002200,ST云投,Stock
300268,佳沃股份,Stock
000817,辽油退市,Stock
300141,和顺电气,Stock
002129,中环股份,Stock
300511,雪榕生物,Stock
000544,中原环保,Stock
002579,中京电子,Stock
002083,孚日股份,Stock
002596,海南瑞泽,Stock
600158,中体产业,Stock
300004,南风股份,Stock
600508,上海能源,Stock
300454,深信服,Stock
000401,冀东水泥,Stock
000952,广济药业,Stock
601319,中国人保,Stock
603324,盛剑环境,Stock
002312,三泰控股,Stock
600226,*ST瀚叶,Stock
200018,神城B退,Stock
300680,隆盛科技,Stock
002742,三圣股份,Stock
603959,百利科技,Stock
600676,交运股份,Stock
600363,联创光电,Stock
000790,华神科技,Stock
002257,立立电子,Stock
600699,均胜电子,Stock
300395,菲利华,Stock
600733,北汽蓝谷,Stock
002607,中公教育,Stock
601088,中国神华,Stock
300546,雄帝科技,Stock
000513,丽珠集团,Stock
002484,江海股份,Stock
300116,保力新,Stock
603236,移远通信,Stock
603666,亿嘉和,Stock
603689,皖天然气,Stock
002892,科力尔,Stock
000905,厦门港务,Stock
300403,汉宇集团,Stock
002191,劲嘉股份,Stock
200761,本钢板B,Stock
300053,欧比特,Stock
000006,深振业A,Stock
600660,福耀玻璃,Stock
000769,*ST大菲,Stock
300696,爱乐达,Stock
600230,沧州大化,Stock
002304,洋河股份,Stock
603109,神驰机电,Stock
603559,中通国脉,Stock
300679,电连技术,Stock
002611,东方精工,Stock
600725,ST云维,Stock
300383,光环新网,Stock
300229,拓尔思,Stock
002241,歌尔股份,Stock
000786,北新建材,Stock
600375,汉马科技,Stock
000856,冀东装备,Stock
603220,中贝通信,Stock
002168,惠程科技,Stock
000155,川能动力,Stock
300100,双林股份,Stock
002492,恒基达鑫,Stock
002538,司尔特,Stock
000505,京粮控股,Stock
300550,和仁科技,Stock
600119,ST长投,Stock
000010,美丽生态,Stock
300045,华力创通,Stock
600549,厦门钨业,Stock
002187,广百股份,Stock
300415,伊之密,Stock
000913,钱江摩托,Stock
603365,水星家纺,Stock
002884,凌霄泵业,Stock
002353,杰瑞股份,Stock
600267,海正药业,Stock
002703,浙江世宝,Stock
600637,东方明珠,Stock
603918,金桥信息,Stock
300291,华录百纳,Stock
600322,天房发展,Stock
002216,三全食品,Stock
600772,S*ST龙昌,Stock
601860,紫金银行,Stock
600288,大恒科技,Stock
002646,青青稞酒,Stock
601163,三角轮胎,Stock
002095,生意宝,Stock
000552,靖远煤电,Stock
300507,苏奥传感,Stock
300157,恒泰艾普,Stock
603277,银都股份,Stock
600908,无锡银行,Stock
000801,四川九洲,Stock
603332,苏州龙杰,Stock
603298,杭叉集团,Stock
000417,合肥百货,Stock
300442,普丽盛,Stock
000047,ST中侨,Stock
300012,华测检测,Stock
002580,圣阳股份,Stock
600139,西部资源,Stock
000030,富奥股份,Stock
300065,海兰信,Stock
600569,安阳钢铁,Stock
300435,中泰股份,Stock
600093,易见股份,Stock
000933,神火股份,Stock
603345,安井食品,Stock
000899,赣能股份,Stock
600990,四创电子,Stock
000876,新希望,Stock
603650,彤程新材,Stock
603200,上海洗霸,Stock
002148,北纬科技,Stock
600586,金晶科技,Stock
300120,经纬辉开,Stock
000525,红太阳,Stock
002518,科士达,Stock
300570,太辰光,Stock
603129,春风动力,Stock
603083,剑桥科技,Stock
603579,荣泰健康,Stock
300659,中孚信息,Stock
002631,德尔未来,Stock
600705,中航资本,Stock
300209,天泽信息,Stock
603980,吉华集团,Stock
002261,拓维信息,Stock
600355,精伦电子,Stock
600640,号百控股,Stock
601952,苏垦农发,Stock
002774,快意电梯,Stock
600210,紫江企业,Stock
002324,普利特,Stock
603596,伯特利,Stock
300462,华铭智能,Stock
300198,纳川股份,Stock
300032,金龙机电,Stock
000088,盐田港,Stock
000572,ST海马,Stock
300527,中船应急,Stock
600181,*ST云大,Stock
300177,中海达,Stock
600882,妙可蓝多,Stock
600928,西安银行,Stock
603607,京华激光,Stock
000821,京山轻机,Stock
600302,标准股份,Stock
002236,大华股份,Stock
600752,*ST哈慈,Stock
002666,德联集团,Stock
601456,国联证券,Stock
601006,大秦铁路,Stock
002373,千方科技,Stock
002689,远大智能,Stock
600247,*ST成城,Stock
002723,金莱特,Stock
600617,国新能源,Stock
603938,三孚股份,Stock
600178,东安动力,Stock
300024,机器人,Stock
600482,中国动力,Stock
600528,中铁工业,Stock
300474,景嘉微,Stock
000421,南京公用,Stock
000972,ST中基,Stock
601339,百隆东方,Stock
000837,*ST秦机,Stock
603611,诺力股份,Stock
600894,广日股份,Stock
300161,华中数控,Stock
002109,兴化股份,Stock
600197,伊力特,Stock
300531,优博讯,Stock
002559,亚威股份,Stock
000564,*ST大集,Stock
601155,新城控股,Stock
603168,莎普爱思,Stock
603538,美诺华,Stock
002670,国盛金控,Stock
300618,寒锐钴业,Stock
600744,华银电力,Stock
002220,天宝退,Stock
300248,新开普,Stock
600601,方正科技,Stock
000708,中信特钢,Stock
002735,王子新材,Stock
600251,冠农股份,Stock
002365,永安药业,Stock
601010,文峰股份,Stock
603187,海容冷链,Stock
600986,浙文互联,Stock
603353,和顺石油,Stock
002918,蒙娜丽莎,Stock
000925,众合科技,Stock
603703,盛洋科技,Stock
600085,同仁堂,Stock
300423,昇辉科技,Stock
300073,当升科技,Stock
000026,飞亚达,Stock
300589,江龙船艇,Stock
300566,激智科技,Stock
000533,顺钠股份,Stock
300136,信维通信,Stock
600590,泰豪科技,Stock
600969,郴电国际,Stock
000860,顺鑫农业,Stock
600343,航天动力,Stock
002277,友阿股份,Stock
603996,*ST中新,Stock
601801,皖新传媒,Stock
600713,南京医药,Stock
002627,宜昌交运,Stock
603095,越剑智能,Stock
603580,艾艾精工,Stock
002332,仙琚制药,Stock
600206,有研新材,Stock
002762,金发拉比,Stock
603979,金诚信,Stock
200468,宁通信B,Stock
600656,退市博元,Stock
002298,中电兴发,Stock
002575,*ST群兴,Stock
000548,湖南投资,Stock
600011,华能国际,Stock
002125,湘潭电化,Stock
603797,联泰环保,Stock
601600,中国铝业,Stock
002826,易明医药,Stock
603328,依顿电子,Stock
603778,乾景园林,Stock
600857,宁波中百,Stock
002430,杭氧股份,Stock
300458,全志科技,Stock
002060,粤水电,Stock
300008,天海防务,Stock
603001,奥康国际,Stock
300321,同大股份,Stock
600787,中储股份,Stock
002349,精华制药,Stock
002719,*ST麦趣,Stock
200413,东旭B,Stock
600338,西藏珠峰,Stock
300264,佳创视讯,Stock
600768,宁波富邦,Stock
600292,远达环保,Stock
300634,彩讯股份,Stock
000661,长春高新,Stock
601179,中国西电,Stock
002871,伟隆股份,Stock
603390,通达电气,Stock
002172,澳洋健康,Stock
002488,金固股份,Stock
002522,浙江众成,Stock
600416,湘电股份,Stock
600103,青山纸业,Stock
002037,保利联合,Stock
600553,太行水泥,Stock
002467,二六三,Stock
600800,渤海化学,Stock
000909,数源科技,Stock
603685,晨丰科技,Stock
601968,宝钢包装,Stock
603955,大千生态,Stock
600380,健康元,Stock
300726,宏达电子,Stock
300376,易事特,Stock
900957,凌云B股,Stock
603056,德邦股份,Stock
603113,金能科技,Stock
300663,科蓝软件,Stock
000636,风华高科,Stock
603810,丰山集团,Stock
300399,天利科技,Stock
300233,金城医药,Stock
600695,*ST绿庭,Stock
600400,红豆股份,Stock
000509,*ST华塑,Stock
002534,杭锅股份,Stock
600050,中国联通,Stock
000159,国际实业,Stock
002164,宁波东力,Stock
601211,国泰君安,Stock
603386,广东骏亚,Stock
002867,周大生,Stock
603693,江苏新能,Stock
002888,惠威科技,Stock
603369,今世缘,Stock
002922,伊戈尔,Stock
600816,*ST安信,Stock
603739,蔚蓝生物,Stock
300419,浩丰科技,Stock
002471,中超控股,Stock
600545,卓郎智能,Stock
300049,福瑞股份,Stock
002021,ST中捷,Stock
600115,东方航空,Stock
603040,新坐标,Stock
002308,威创股份,Stock
900941,东信B股,Stock
300360,炬华科技,Stock
002758,浙农股份,Stock
000765,*ST华信,Stock
300730,科创信息,Stock
600396,金山股份,Stock
600379,宝光股份,Stock
600683,京投发展,Stock
300225,金力泰,Stock
601991,大唐发电,Stock
600729,重庆百货,Stock
603806,福斯特,Stock
000620,新华联,Stock
300675,建科院,Stock
603555,*ST贵人,Stock
601568,北元集团,Stock
603105,芯能科技,Stock
601138,工业富联,Stock
002830,名雕股份,Stock
601616,广电电气,Stock
002133,广宇集团,Stock
600007,中国国贸,Stock
002563,森马服饰,Stock
002099,海翔药业,Stock
002076,*ST雪莱,Stock
600512,腾达建设,Stock
002426,*ST胜利,Stock
600841,上柴股份,Stock
000948,南天信息,Stock
601929,吉视传媒,Stock
000732,泰禾集团,Stock
200055,方大B,Stock
000698,沈阳化工,Stock
600791,京能置业,Stock
900916,凤凰B股,Stock
300337,银邦股份,Stock
603017,中衡设计,Stock
001965,招商公路,Stock
000677,恒天海龙,Stock
300622,博士眼镜,Stock
600284,浦东建设,Stock
300272,开能健康,Stock
000806,*ST银河,Stock
300500,启迪设计,Stock
002568,百润股份,Stock
000555,神州信息,Stock
002092,中泰化学,Stock
300150,世纪瑞尔,Stock
002138,顺络电子,Stock
600519,贵州茅台,Stock
300445,康斯特,Stock
000410,*ST沈机,Stock
002587,奥拓电子,Stock
600149,廊坊发展,Stock
300015,爱尔眼科,Stock
000040,东旭蓝天,Stock
603335,迪生力,Stock
600260,凯乐科技,Stock
000693,华泽退,Stock
002354,*ST天娱,Stock
601888,中国中免,Stock
600630,龙头股份,Stock
300296,利亚德,Stock
000739,普洛药业,Stock
601021,春秋航空,Stock
603159,上海亚虹,Stock
002211,宏达新材,Stock
300279,和晶科技,Stock
600325,华发股份,Stock
002641,永高股份,Stock
300629,新劲刚,Stock
600775,南京熊猫,Stock
002495,佳隆股份,Stock
300107,建新股份,Stock
300557,理工光科,Stock
000502,绿景控股,Stock
600958,东方证券,Stock
603677,奇精机械,Stock
000851,高鸿股份,Stock
603227,雪峰科技,Stock
603698,航天工程,Stock
002883,中设股份,Stock
300042,朗科科技,Stock
000017,*ST中华A,Stock
300412,迦南科技,Stock
002180,纳思达,Stock
200770,武锅B退,Stock
002753,永东股份,Stock
600667,太极实业,Stock
601975,招商南油,Stock
603948,建业股份,Stock
002303,美盈森,Stock
300691,联合光电,Stock
600237,铜峰电子,Stock
600722,金牛化工,Stock
300384,三联虹普,Stock
002616,长青集团,Stock
600372,中航电子,Stock
002246,北化股份,Stock
600688,上海石化,Stock
601099,太平洋,Stock
603661,恒林股份,Stock
000514,渝开发,Stock
002529,*ST海源,Stock
300541,先进数通,Stock
002179,中航光电,Stock
300111,向日葵,Stock
002483,润邦股份,Stock
600558,大西洋,Stock
002196,方正电机,Stock
300404,博济医药,Stock
600108,亚盛集团,Stock
000001,平安银行,Stock
300054,鼎龙股份,Stock
002895,川恒股份,Stock
000902,新洋丰,Stock
600221,*ST海航,Stock
300687,赛意信息,Stock
002315,焦点科技,Stock
601963,重庆银行,Stock
600671,*ST目药,Stock
002745,木林森,Stock
000778,新兴铸管,Stock
603118,共进股份,Stock
300238,冠昊生物,Stock
002250,联化科技,Stock
000797,中国武夷,Stock
300668,杰恩设计,Stock
002600,领益智造,Stock
300392,腾信股份,Stock
600734,*ST实达,Stock
300146,汤臣倍健,Stock
002084,海鸥住工,Stock
000543,皖能电力,Stock
300516,久之洋,Stock
603636,南威软件,Stock
600919,江苏银行,Stock
000810,创维数字,Stock
603266,天龙股份,Stock
000955,欣龙控股,Stock
603289,泰瑞机器,Stock
603773,沃格光电,Stock
603323,苏农银行,Stock
000056,皇庭国际,Stock
300003,乐普医疗,Stock
002591,恒大高新,Stock
000406,大明退市,Stock
300453,三鑫医疗,Stock
002712,思美传媒,Stock
603909,合诚股份,Stock
200418,小天鹅B,Stock
300280,紫天科技,Stock
600626,申达股份,Stock
002342,巨力索具,Stock
000685,中山公用,Stock
600276,恒瑞医药,Stock
600763,通策医疗,Stock
600299,安迪苏,Stock
002657,中科金财,Stock
600333,长春燃气,Stock
002207,准油股份,Stock
002913,奥士康,Stock
603708,家家悦,Stock
600827,百联股份,Stock
603358,华达科技,Stock
300078,思创医惠,Stock
002010,传化智联,Stock
300582,英飞特,Stock
300428,四通新材,Stock
002440,闰土股份,Stock
600061,国投资本,Stock
002155,湖南黄金,Stock
300097,智云股份,Stock
000538,云南白药,Stock
002505,鹏都农牧,Stock
600962,国投中鲁,Stock
002856,美芝股份,Stock
600718,东软集团,Stock
000611,ST天首,Stock
300644,南京聚隆,Stock
600348,华阳股份,Stock
002786,银宝山新,Stock
300214,日科化学,Stock
603421,鼎信通讯,Stock
002769,普路通,Stock
300701,森霸传感,Stock
002293,罗莱生活,Stock
002339,积成电子,Stock
300351,永贵电器,Stock
300185,通裕重工,Stock
600523,贵航股份,Stock
002417,深南股份,Stock
600173,卧龙地产,Stock
600489,中金黄金,Stock
002047,宝鹰股份,Stock
600870,ST厦华,Stock
601298,青岛港,Stock
000979,中弘退,Stock
000996,中国中期,Stock
002801,微光股份,Stock
002552,宝鼎科技,Stock
600466,蓝光发展,Stock
002102,ST冠福,Stock
600036,招商银行,Stock
300490,华自科技,Stock
603533,掌阅科技,Stock
603499,翔港科技,Stock
300243,瑞丰高材,Stock
300613,富瀚微,Stock
603860,中公高科,Stock
002381,双箭股份,Stock
002694,顾地科技,Stock
300306,远方信息,Stock
900927,物贸B股,Stock
601918,新集能源,Stock
000703,恒逸石化,Stock
603026,石大胜华,Stock
600866,星湖科技,Stock
603319,湘油泵,Stock
002051,中工国际,Stock
300039,上海凯宝,Stock
600165,新日恒力,Stock
000596,古井贡酒,Stock
002401,中远海科,Stock
300469,信息发展,Stock
600535,天士力,Stock
300193,佳士科技,Stock
300486,东杰智能,Stock
600020,中原高速,Stock
002114,罗平锌电,Stock
600470,六国化工,Stock
002544,杰赛科技,Stock
002817,黄山胶囊,Stock
000980,*ST众泰,Stock
600889,南京化纤,Stock
002397,梦洁股份,Stock
600759,洲际油气,Stock
603876,鼎胜新材,Stock
300605,恒锋信息,Stock
000650,仁和药业,Stock
600309,万华化学,Stock
300255,常山药业,Stock
601518,吉林高速,Stock
603030,全筑股份,Stock
000715,中兴商业,Stock
002728,特一药业,Stock
603933,睿能科技,Stock
900931,PT水仙B,Stock
300310,宜通世纪,Stock
603899,晨光文具,Stock
002378,章源钨业,Stock
002682,龙洲股份,Stock
600562,国睿科技,Stock
002456,欧菲光,Stock
600098,广州发展,Stock
300594,朗进科技,Stock
600132,重庆啤酒,Stock
002006,精功科技,Stock
000892,欢瑞世纪,Stock
601689,拓普集团,Stock
600831,广电网络,Stock
002905,金逸影视,Stock
000938,紫光股份,Stock
601236,红塔证券,Stock
002840,华统股份,Stock
601666,平煤股份,Stock
002513,*ST蓝丰,Stock
300081,恒信东方,Stock
002143,印纪退,Stock
600077,宋都股份,Stock
603088,宁波精达,Stock
300202,聚龙股份,Stock
002790,瑞尔特,Stock
200160,东沣B退,Stock
300652,雷迪克,Stock
000607,华媒控股,Stock
200530,冰山B,Stock
200025,特力B,Stock
300347,泰格医药,Stock
002285,世联行,Stock
300717,华信新材,Stock
603067,振华股份,Stock
603010,万盛股份,Stock
601187,厦门银行,Stock
002708,光洋股份,Stock
000735,罗牛山,Stock
900911,金桥B股,Stock
600796,钱江生化,Stock
300330,华虹计通,Stock
002358,森源电气,Stock
600779,水井坊,Stock
603856,东宏股份,Stock
300625,三雄极光,Stock
600283,钱江水利,Stock
000670,*ST盈方,Stock
600329,中新药业,Stock
300275,梅安森,Stock
603155,新亚强,Stock
601168,西部矿业,Stock
603505,金石资源,Stock
600000,浦发银行,Stock
002134,天津普林,Stock
000559,万向钱潮,Stock
002564,天沃科技,Stock
600903,贵州燃气,Stock
601611,中国核建,Stock
002837,英维克,Stock
603786,科博达,Stock
600846,同济科技,Stock
603339,四方科技,Stock
002071,长城退,Stock
300019,硅宝科技,Stock
600145,*ST新亿,Stock
002421,达实智能,Stock
300449,汉邦高科,Stock
600515,*ST基础,Stock
900946,ST天雁B,Stock
300367,ST网力,Stock
600391,航发科技,Stock
000762,西藏矿业,Stock
600684,珠江股份,Stock
601996,丰林集团,Stock
300222,科大智能,Stock
300672,国科微,Stock
000627,天茂集团,Stock
603801,志邦家居,Stock
300388,节能国祯,Stock
601216,君正集团,Stock
002860,星帅尔,Stock
002533,金杯电工,Stock
002163,海南发展,Stock
600057,厦门象屿,Stock
002499,*ST科林,Stock
002476,宝莫股份,Stock
600112,ST天成,Stock
002026,山东威达,Stock
600811,东方集团,Stock
000918,嘉凯城,Stock
002749,国光股份,Stock
600387,海越能源,Stock
300721,怡达股份,Stock
002319,乐通股份,Stock
300371,汇中股份,Stock
900950,新城B股,Stock
200013,*ST石化B,Stock
603817,海峡环保,Stock
600738,丽尚国潮,Stock
000631,顺发恒业,Stock
300664,鹏鹞环保,Stock
600368,五洲交通,Stock
300234,开尔新材,Stock
600692,亚通股份,Stock
601579,会稽山,Stock
002175,ST东网,Stock
002525,胜景山河,Stock
000518,四环生物,Stock
002876,三利谱,Stock
601200,上海环境,Stock
603728,鸣志电器,Stock
600807,济南高新,Stock
603682,锦和商业,Stock
002899,英派斯,Stock
603378,亚士创能,Stock
300058,蓝色光标,Stock
002030,达安基因,Stock
600104,上汽集团,Stock
300408,三环集团,Stock
002460,赣锋锂业,Stock
000689,ST宏业,Stock
300326,凯利泰,Stock
900907,*ST鹏起B,Stock
600780,通宝能源,Stock
000723,美锦能源,Stock
603456,九洲药业,Stock
603006,联明股份,Stock
300263,隆华科技,Stock
000666,经纬纺机,Stock
600295,鄂尔多斯,Stock
300633,开立医疗,Stock
603790,雅运股份,Stock
002821,凯莱英,Stock
601607,上海医药,Stock
002572,索菲亚,Stock
002088,鲁阳节能,Stock
600446,金证股份,Stock
002122,*ST天马,Stock
600016,民生银行,Stock
600503,华丽家族,Stock
002437,誉衡药业,Stock
600153,建发股份,Stock
002067,景兴纸业,Stock
600850,华东电脑,Stock
000959,首钢股份,Stock
601555,东吴证券,Stock
603568,伟明环保,Stock
603138,海量数据,Stock
300218,安利股份,Stock
603991,至正股份,Stock
002270,华明装备,Stock
300648,星云股份,Stock
002620,瑞和股份,Stock
600714,金瑞矿业,Stock
600201,生物股份,Stock
002335,科华数据,Stock
600651,飞乐音响,Stock
000758,中色股份,Stock
002765,蓝黛科技,Stock
603587,地素时尚,Stock
600578,京能电力,Stock
600082,海泰发展,Stock
300424,航新科技,Stock
600128,弘业股份,Stock
000021,深科技,Stock
300074,华平股份,Stock
601369,陕鼓动力,Stock
000888,峨眉山A,Stock
600981,汇鸿集团,Stock
000922,佳电股份,Stock
002509,天茂退,Stock
000534,万泽股份,Stock
300561,汇金科技,Stock
002159,三特索道,Stock
300131,英唐智控,Stock
600597,光明乳业,Stock
600743,华远地产,Stock
002677,浙江美大,Stock
600313,农发种业,Stock
002227,奥特迅,Stock
603180,金牌厨柜,Stock
002732,燕塘乳业,Stock
603929,亚翔集成,Stock
600606,绿地控股,Stock
603883,老百姓,Stock
002362,汉王科技,Stock
002698,博实股份,Stock
600256,广汇能源,Stock
000975,银泰黄金,Stock
603303,得邦照明,Stock
300023,宝德股份,Stock
600485,*ST信威,Stock
000426,兴业矿业,Stock
300473,德尔股份,Stock
300189,神农科技,Stock
300166,东方国信,Stock
000099,中信海直,Stock
000563,陕国投A,Stock
600190,锦州港,Stock
300536,农尚环境,Stock
603616,韩建河山,Stock
600939,重庆建工,Stock
000830,鲁西化工,Stock
600893,航发动力,Stock
200992,中鲁B,Stock
603179,新泉股份,Stock
002231,奥维通信,Stock
300259,新天科技,Stock
600305,恒顺醋业,Stock
002661,克明面业,Stock
300609,汇纳科技,Stock
600755,厦门国贸,Stock
600240,退市华业,Stock
002374,中锐股份,Stock
603895,天永智能,Stock
600610,ST毅达,Stock
002724,海洋王,Stock
000719,中原传媒,Stock
603196,日播时尚,Stock
601001,晋控煤业,Stock
600539,ST狮头,Stock
300465,高伟达,Stock
000430,张家界,Stock
600169,太原重工,Stock
600493,凤竹纺织,Stock
300035,中科电气,Stock
000060,中金岭南,Stock
601328,交通银行,Stock
603315,福鞍股份,Stock
601778,晶科科技,Stock
000963,华东医药,Stock
600885,宏发股份,Stock
000826,启迪环境,Stock
603600,永艺股份,Stock
300520,科大国创,Stock
600186,莲花健康,Stock
002548,金新农,Stock
300170,汉得信息,Stock
002118,紫鑫药业,Stock
600702,ST舍得,Stock
002636,金安国纪,Stock
600352,浙江龙盛,Stock
002266,浙富控股,Stock
603987,康德莱,Stock
601113,ST华鼎,Stock
002773,康弘药业,Stock
600647,同达创业,Stock
603968,醋化股份,Stock
002289,ST宇顺,Stock
002323,*ST雅博,Stock
200029,深深房B,Stock
600217,中再资环,Stock
002909,集泰股份,Stock
603712,七一二,Stock
600997,开滦股份,Stock
300062,中能电气,Stock
000037,深南电A,Stock
300598,诚迈科技,Stock
300432,富临精工,Stock
600094,大名城,Stock
000488,晨鸣纸业,Stock
600581,八一钢铁,Stock
300127,银河磁体,Stock
300577,开润股份,Stock
000522,白云山A,Stock
600978,*ST宜生,Stock
603657,春光科技,Stock
601390,中国中铁,Stock
002908,德生科技,Stock
000935,四川双马,Stock
603713,密尔克卫,Stock
600996,贵广网络,Stock
000036,华联控股,Stock
300063,天龙集团,Stock
300599,雄塑科技,Stock
300433,蓝思科技,Stock
600095,湘财股份,Stock
600580,卧龙电驱,Stock
300126,锐奇股份,Stock
000523,广州浪奇,Stock
300576,容大感光,Stock
600979,广安爱众,Stock
603656,泰禾智能,Stock
600703,三安光电,Stock
601811,新华文轩,Stock
002637,赞宇科技,Stock
600353,旭光电子,Stock
603986,兆易创新,Stock
002267,陕天然气,Stock
603085,天成自控,Stock
603590,康辰药业,Stock
002772,众兴菌业,Stock
002288,超华科技,Stock
600646,ST国嘉,Stock
603969,银龙股份,Stock
002322,理工环科,Stock
200028,一致B,Stock
600216,浙江医药,Stock
600538,国发股份,Stock
200706,瓦轴B,Stock
300464,星徽股份,Stock
600168,武汉控股,Stock
000061,农产品,Stock
300034,钢研高纳,Stock
000962,东方钽业,Stock
600884,杉杉股份,Stock
000827,*ST长兴,Stock
603601,再升科技,Stock
002549,凯美特气,Stock
300521,爱司凯,Stock
600187,国中水务,Stock
002119,康强电子,Stock
300171,东富龙,Stock
601515,东风股份,Stock
603528,多伦科技,Stock
603178,圣龙股份,Stock
300258,精锻科技,Stock
002230,科大讯飞,Stock
300608,思特奇,Stock
002660,茂硕电源,Stock
600754,锦江酒店,Stock
600241,*ST时万,Stock
002375,亚厦股份,Stock
600611,大众交通,Stock
000718,苏宁环球,Stock
002725,跃岭股份,Stock
603197,保隆科技,Stock
601000,唐山港,Stock
603302,鑫广绿环,Stock
300022,吉峰科技,Stock
300472,新元科技,Stock
300188,美亚柏科,Stock
300167,迪威迅,Stock
600191,华资实业,Stock
300537,广信材料,Stock
000562,宏源证券,Stock
603617,君禾股份,Stock
000831,五矿稀土,Stock
600892,大晟文化,Stock
600742,一汽富维,Stock
002676,顺威股份,Stock
600312,平高电气,Stock
002226,江南化工,Stock
601016,节能风电,Stock
603181,皇马科技,Stock
002733,雄韬股份,Stock
603928,兴业股份,Stock
600607,上实医药,Stock
002363,隆基机械,Stock
603882,金域医学,Stock
600257,大湖股份,Stock
002699,美盛文化,Stock
600579,克劳斯,Stock
600083,*ST博信,Stock
300425,中建环能,Stock
600129,太极集团,Stock
300075,数字政通,Stock
000020,深华发A,Stock
000889,中嘉博创,Stock
601368,绿城水务,Stock
603355,莱克电气,Stock
600980,北矿科技,Stock
000923,河钢资源,Stock
000866,扬子退市,Stock
300560,中富通,Stock
000535,*ST猴王,Stock
002508,老板电器,Stock
300130,新国都,Stock
600596,新安股份,Stock
002158,汉钟精机,Stock
603093,南华期货,Stock
603569,长久物流,Stock
603139,康惠制药,Stock
002271,东方雨虹,Stock
300219,鸿利智汇,Stock
603990,麦迪科技,Stock
600345,长江通信,Stock
002621,美吉姆,Stock
300649,杭州园林,Stock
600715,文投控股,Stock
600200,江苏吴中,Stock
002334,英威腾,Stock
600650,锦江在线,Stock
000759,中百集团,Stock
603586,金麒麟,Stock
002820,桂发祥,Stock
601606,长城军工,Stock
002573,清新环境,Stock
002089,ST新海,Stock
002123,梦网科技,Stock
600017,日照港,Stock
600502,安徽建工,Stock
002436,兴森科技,Stock
600152,维科技术,Stock
002066,瑞泰科技,Stock
601313,江南嘉捷,Stock
600851,海欣股份,Stock
000958,东方能源,Stock
000688,国城矿业,Stock
200045,深纺织B,Stock
300327,中颖电子,Stock
600781,*ST辅仁,Stock
900906,ST毅达B,Stock
601939,建设银行,Stock
000722,湖南发展,Stock
603007,花王股份,Stock
300262,巴安水务,Stock
300632,光莆股份,Stock
000667,美好置业,Stock
200550,江铃B,Stock
002174,游族网络,Stock
600410,华胜天成,Stock
000519,中兵红箭,Stock
002524,光正眼科,Stock
002877,智能自控,Stock
603396,金辰股份,Stock
603729,龙韵股份,Stock
600806,退市昆机,Stock
603683,晶华新材,Stock
603379,三美股份,Stock
002898,赛隆药业,Stock
002031,巨轮智能,Stock
300059,东方财富,Stock
600105,永鼎股份,Stock
002461,珠江啤酒,Stock
300409,道氏技术,Stock
600555,*ST海创,Stock
603050,科林电气,Stock
600386,北巴传媒,Stock
300720,海川智能,Stock
002748,世龙实业,Stock
300370,安控科技,Stock
900951,退市大化,Stock
002318,久立特材,Stock
200012,南玻B,Stock
603816,顾家家居,Stock
600739,辽宁成大,Stock
300665,飞鹿股份,Stock
000630,铜陵有色,Stock
600369,西南证券,Stock
300235,方直科技,Stock
600693,东百集团,Stock
603115,海星股份,Stock
601128,常熟银行,Stock
603380,易德龙,Stock
002861,瀛通通讯,Stock
002532,天山铝业,Stock
600406,国电南瑞,Stock
002162,悦心健康,Stock
002498,汉缆股份,Stock
600056,中国医药,Stock
600543,莫高股份,Stock
002477,雏鹰退,Stock
600113,浙江东日,Stock
002027,分众传媒,Stock
600810,神马股份,Stock
601702,华峰铝业,Stock
000919,金陵药业,Stock
000333,美的集团,Stock
900947,振华B股,Stock
300366,创意信息,Stock
000763,锦化退市,Stock
300736,百邦科技,Stock
600390,五矿资本,Stock
603416,信捷电气,Stock
603103,横店影视,Stock
600685,中船防务,Stock
300223,北京君正,Stock
601997,贵阳银行,Stock
000626,远大控股,Stock
300673,佩蒂股份,Stock
603800,道森股份,Stock
300389,艾比森,Stock
600001,邯郸钢铁,Stock
002135,东南网架,Stock
002565,顺灏股份,Stock
000558,莱茵体育,Stock
002836,新宏泽,Stock
603787,新日股份,Stock
600847,万里股份,Stock
603768,常青股份,Stock
603338,浙江鼎力,Stock
300018,中元股份,Stock
002070,众和退,Stock
300448,浩云科技,Stock
002420,毅昌股份,Stock
603011,合锻智能,Stock
601186,中国铁建,Stock
002709,天赐材料,Stock
603912,佳力图,Stock
002359,*ST北讯,Stock
600797,浙大网新,Stock
900910,海立B股,Stock
300331,苏大维格,Stock
200053,深基地B,Stock
600778,友好集团,Stock
000671,阳光城,Stock
300624,万兴科技,Stock
600282,南钢股份,Stock
600328,中盐化工,Stock
300274,阳光电源,Stock
601169,北京银行,Stock
603089,正裕工业,Stock
603123,翠微股份,Stock
300203,聚光科技,Stock
002791,坚朗五金,Stock
000606,顺利办,Stock
300653,正海生物,Stock
200024,招商局B,Stock
300346,南大光电,Stock
601958,金钼股份,Stock
002284,亚太股份,Stock
300716,国立科技,Stock
603066,音飞储存,Stock
600563,法拉电子,Stock
600099,林海股份,Stock
002457,青龙管业,Stock
300595,欧普康视,Stock
600133,东湖高新,Stock
002007,华兰生物,Stock
000893,亚钾国际,Stock
601688,华泰证券,Stock
600830,香溢融通,Stock
000939,凯迪退,Stock
002841,视源股份,Stock
600975,新五丰,Stock
002512,达华智能,Stock
600426,华鲁恒升,Stock
300080,易成新能,Stock
002142,宁波银行,Stock
600076,康欣新材,Stock
600758,辽宁能源,Stock
603877,太平鸟,Stock
002396,星网锐捷,Stock
000651,格力电器,Stock
300604,长川科技,Stock
600308,华泰股份,Stock
300254,仟源医药,Stock
601519,大智慧,Stock
603031,安德利,Stock
002729,好利来,Stock
002379,宏创控股,Stock
900930,*ST沪普B,Stock
300311,任子行,Stock
603898,好莱客,Stock
002683,宏大爆破,Stock
600867,通化东宝,Stock
603318,派思股份,Stock
300038,ST数知,Stock
002050,三花智控,Stock
000597,东北制药,Stock
300468,四方精创,Stock
002400,省广集团,Stock
300192,科德教育,Stock
300487,蓝晓科技,Stock
600021,上海电力,Stock
002115,三维通信,Stock
000578,盐湖集团,Stock
002545,东方铁塔,Stock
002816,和科达,Stock
000981,*ST银亿,Stock
600888,新疆众和,Stock
300242,佳云科技,Stock
300612,宣亚国际,Stock
002380,科远智慧,Stock
200570,苏常柴B,Stock
603861,白云电器,Stock
002695,煌上煌,Stock
300307,慈星股份,Stock
900926,宝信B,Stock
601919,中远海控,Stock
000702,正虹科技,Stock
603477,巨星农牧,Stock
603027,千禾味业,Stock
300184,力源信息,Stock
600522,中天科技,Stock
002416,爱施德,Stock
600172,黄河旋风,Stock
000581,威孚高科,Stock
002046,国机精工,Stock
600488,天药股份,Stock
601333,广深铁路,Stock
600871,石化油服,Stock
000978,桂林旅游,Stock
601299,中国北车,Stock
000997,新大陆,Stock
002800,天顺股份,Stock
002553,南方轴承,Stock
600467,好当家,Stock
002103,广博股份,Stock
600037,歌华有线,Stock
300491,通合科技,Stock
600719,大连热电,Stock
300645,正元智慧,Stock
000610,西安旅游,Stock
002787,华源控股,Stock
600349,富通昭和,Stock
300215,电科院,Stock
601108,财通证券,Stock
601558,退市锐电,Stock
603565,中谷物流,Stock
300700,岱勒新材,Stock
000755,山西路桥,Stock
002768,国恩股份,Stock
002292,奥飞娱乐,Stock
300350,华鹏飞,Stock
002338,奥普光电,Stock
002912,中新赛克,Stock
603709,中源家居,Stock
600826,兰生股份,Stock
603359,东珠生态,Stock
000885,城发环境,Stock
002011,盾安环境,Stock
300079,数码视讯,Stock
600125,铁龙物流,Stock
300583,赛托生物,Stock
002441,众业达,Stock
300429,强力新材,Stock
600575,淮河能源,Stock
600060,海信视像,Stock
002154,报喜鸟,Stock
300096,易联众,Stock
002504,弘高创意,Stock
000539,粤电力A,Stock
600963,岳阳林纸,Stock
002857,三晖电气,Stock
002713,东易日盛,Stock
603908,牧高笛,Stock
300281,金明精机,Stock
600627,上电股份,Stock
002343,慈文传媒,Stock
600277,亿利洁能,Stock
600762,S*ST金荔,Stock
002656,ST摩登,Stock
600298,安琪酵母,Stock
600332,白云山,Stock
002206,海利得,Stock
300147,香雪制药,Stock
002085,万丰奥威,Stock
300517,海波重科,Stock
000542,TCL通讯,Stock
603637,镇海股份,Stock
600918,中泰证券,Stock
000811,冰轮环境,Stock
603267,鸿远电子,Stock
603288,海天味业,Stock
603322,超讯通信,Stock
300002,神州泰岳,Stock
002590,万安科技,Stock
300452,山河药辅,Stock
000407,胜利股份,Stock
600220,江苏阳光,Stock
300686,智动力,Stock
002314,南山控股,Stock
600670,*ST斯达,Stock
000779,甘咨询,Stock
002251,步步高,Stock
300239,东宝生物,Stock
600365,ST通葡,Stock
000796,凯撒旅业,Stock
002601,龙蟒佰利,Stock
300669,沪宁股份,Stock
601827,三峰环境,Stock
300393,中来股份,Stock
600735,新华锦,Stock
603660,苏州科达,Stock
300540,深冷股份,Stock
002528,英飞拓,Stock
000515,攀渝钛业,Stock
300110,华仁药业,Stock
002178,延华智能,Stock
002482,广田集团,Stock
002197,证通电子,Stock
600559,老白干酒,Stock
300405,科隆股份,Stock
600109,国金证券,Stock
300055,万邦达,Stock
603725,天安新材,Stock
601718,际华集团,Stock
000903,云内动力,Stock
601077,渝农商行,Stock
002752,昇兴股份,Stock
600666,ST瑞德,Stock
603949,雪龙集团,Stock
002302,西部建设,Stock
300690,双一科技,Stock
600236,桂冠电力,Stock
600723,首商股份,Stock
300385,雪浪环境,Stock
002617,露笑科技,Stock
000780,*ST平能,Stock
600373,中文传媒,Stock
600689,上海三毛,Stock
002247,*ST聚力,Stock
601098,中南传媒,Stock
002494,华斯股份,Stock
000153,丰原药业,Stock
300106,西部牧业,Stock
000503,国新健康,Stock
300556,丝路视觉,Stock
600959,江苏有线,Stock
603676,卫信康,Stock
000850,华茂股份,Stock
603226,菲林格尔,Stock
000915,山大华特,Stock
603733,仙鹤股份,Stock
603699,纽威股份,Stock
603363,傲农生物,Stock
002882,金龙羽,Stock
000016,深康佳A,Stock
300043,星辉娱乐,Stock
300413,芒果超媒,Stock
200771,杭汽轮B,Stock
002181,粤传媒,Stock
000692,惠天热电,Stock
600261,阳光照明,Stock
002355,兴民智通,Stock
600631,百联股份,Stock
300297,蓝盾股份,Stock
002705,新宝股份,Stock
000738,航发控制,Stock
601020,华钰矿业,Stock
603508,思维列控,Stock
603158,腾龙股份,Stock
300278,华昌达,Stock
002210,*ST飞马,Stock
300628,亿联网络,Stock
002640,跨境通,Stock
600774,汉商集团,Stock
601866,中远海发,Stock
000807,云铝股份,Stock
000554,泰山石油,Stock
002569,ST步森,Stock
300501,海顺新材,Stock
002093,国脉科技,Stock
002139,拓邦股份,Stock
300151,昌红科技,Stock
600518,ST康美,Stock
200726,鲁泰B,Stock
000411,英特集团,Stock
300444,双杰电气,Stock
600148,长春一东,Stock
002586,*ST围海,Stock
300014,亿纬锂能,Stock
